"Objet magique","VO","Type","Rareté","Lien","Source","Lien_Description"
"Amulette d'antidétection","Amulet of Proof against Detection and Location","Objet merveilleux","Peu courant","Lien","Dungeon Master's Guide 2024 (BR)","https://www.aidedd.org/magic-item/fr/amulette-d-antidetection"
"Amulette de bonne santé","Amulet of Health","Objet merveilleux","Rare","Lien","Dungeon Master's Guide 2024 (BR)","https://www.aidedd.org/magic-item/fr/amulette-de-bonne-sante"
"Amulette de cicatrisation","Periapt of Wound Closure","Objet merveilleux","Peu courant","Lien","Dungeon Master's Guide 2024 (BR)","https://www.aidedd.org/magic-item/fr/amulette-de-cicatrisation"
"Amulette de protection contre le poison","Periapt of Proof against Poison","Objet merveilleux","Rare","Lien","Dungeon Master's Guide 2024 (BR)","https://www.aidedd.org/magic-item/fr/amulette-de-protection-contre-le-poison"
"Amulette de santé","Periapt of Health","Objet merveilleux","Peu courant","Lien","Dungeon Master's Guide 2024 (BR)","https://www.aidedd.org/magic-item/fr/amulette-de-sante"
"Amulette de sombre éclat","Dark Shard Amulet","Objet merveilleux","Courant","Lien","Dungeon Master's Guide 2024","https://www.aidedd.org/magic-item/fr/amulette-de-sombre-eclat"
"Amulette des plans","Amulet of the Planes","Objet merveilleux","Très rare","Lien","Dungeon Master's Guide 2024","https://www.aidedd.org/magic-item/fr/amulette-des-plans"
"Amulette mécanique","Clockwork Amulet","Objet merveilleux","Courant","","Dungeon Master's Guide 2024","https://www.aidedd.org/magic-item/fr/amulette-mecanique"
"Anneau d'action libre","Ring of Free Action","Anneau","Rare","Lien","Dungeon Master's Guide 2024 (BR)","https://www.aidedd.org/magic-item/fr/anneau-d-action-libre"
"Anneau d'esquive totale","Ring of Evasion","Anneau","Rare","Lien","Dungeon Master's Guide 2024 (BR)","https://www.aidedd.org/magic-item/fr/anneau-d-esquive-totale"
"Anneau d'influence animale","Ring of Animal Influence","Anneau","Rare","","Dungeon Master's Guide 2024 (BR)","https://www.aidedd.org/magic-item/fr/anneau-d-influence-animale"
"Anneau d'invisibilité","Ring of Invisibility","Anneau","Légendaire","Lien","Dungeon Master's Guide 2024 (BR)","https://www.aidedd.org/magic-item/fr/anneau-d-invisibilite"
"Anneau de barrière mentale","Ring of Mind Shielding","Anneau","Peu courant","Lien","Dungeon Master's Guide 2024 (BR)","https://www.aidedd.org/magic-item/fr/anneau-de-barriere-mentale"
"Anneau de chaleur constante","Ring of Warmth","Anneau","Peu courant","Lien","Dungeon Master's Guide 2024 (BR)","https://www.aidedd.org/magic-item/fr/anneau-de-chaleur-constante"
"Anneau de convocation de djinn","Ring of Djinni Summoning","Anneau","Légendaire","Lien","Dungeon Master's Guide 2024 (BR)","https://www.aidedd.org/magic-item/fr/anneau-de-convocation-de-djinn"
"Anneau de feu d'étoiles","Ring of Shooting Stars","Anneau","Très rare","Lien","Dungeon Master's Guide 2024 (BR)","https://www.aidedd.org/magic-item/fr/anneau-de-feu-d-etoiles"
"Anneau de feuille morte","Ring of Feather Falling","Anneau","Rare","Lien","Dungeon Master's Guide 2024 (BR)","https://www.aidedd.org/magic-item/fr/anneau-de-feuille-morte"
"Anneau de maîtrise élémentaire","Ring of Elemental Command","Anneau","Légendaire","Lien","Dungeon Master's Guide 2024 (BR)","https://www.aidedd.org/magic-item/fr/anneau-de-maîtrise-elementaire"
"Anneau de marche sur l'eau","Ring of Water Walking","Anneau","Peu courant","","Dungeon Master's Guide 2024 (BR)","https://www.aidedd.org/magic-item/fr/anneau-de-marche-sur-l-eau"
"Anneau de nage","Ring of Swimming","Anneau","Peu courant","","Dungeon Master's Guide 2024 (BR)","https://www.aidedd.org/magic-item/fr/anneau-de-nage"
"Anneau de protection","Ring of Protection","Anneau","Rare","Lien","Dungeon Master's Guide 2024 (BR)","https://www.aidedd.org/magic-item/fr/anneau-de-protection"
"Anneau de rayons X","Ring of X-ray Vision","Anneau","Rare","Lien","Dungeon Master's Guide 2024 (BR)","https://www.aidedd.org/magic-item/fr/anneau-de-rayons-x"
"Anneau de régénération","Ring of Regeneration","Anneau","Très rare","Lien","Dungeon Master's Guide 2024 (BR)","https://www.aidedd.org/magic-item/fr/anneau-de-regeneration"
"Anneau de renvoi des sorts","Ring of Spell Turning","Anneau","Légendaire","Lien","Dungeon Master's Guide 2024 (BR)","https://www.aidedd.org/magic-item/fr/anneau-de-renvoi-des-sorts"
"Anneau de résistance","Ring of Resistance","Anneau","Rare","","Dungeon Master's Guide 2024 (BR)","https://www.aidedd.org/magic-item/fr/anneau-de-resistance"
"Anneau de saut","Ring of Jumping","Anneau","Peu courant","Lien","Dungeon Master's Guide 2024 (BR)","https://www.aidedd.org/magic-item/fr/anneau-de-saut"
"Anneau de stockage de sorts","Ring of Spell Storing","Anneau","Rare","Lien","Dungeon Master's Guide 2024 (BR)","https://www.aidedd.org/magic-item/fr/anneau-de-stockage-de-sorts"
"Anneau de télékinésie","Ring of Telekinesis","Anneau","Très rare","Lien","Dungeon Master's Guide 2024 (BR)","https://www.aidedd.org/magic-item/fr/anneau-de-telekinesie"
"Anneau de triple souhait","Ring of Three Wishes","Anneau","Légendaire","","Dungeon Master's Guide 2024 (BR)","https://www.aidedd.org/magic-item/fr/anneau-de-triple-souhait"
"Anneau du bélier","Ring of the Ram","Anneau","Rare","Lien","Dungeon Master's Guide 2024 (BR)","https://www.aidedd.org/magic-item/fr/anneau-du-belier"
"Arc à énergie","Energy Bow","Arme","Très rare","Lien","Dungeon Master's Guide 2024 (BR)","https://www.aidedd.org/magic-item/fr/arc-a-energie"
"Arc du serment","Oathbow","Arme","Très rare","Lien","Dungeon Master's Guide 2024 (BR)","https://www.aidedd.org/magic-item/fr/arc-du-serment"
"Arme +1, +2 ou +3","Weapon, +1, +2, or +3","Arme","Peu courant (+1), rare (+2) ou très rare (+3)","","Dungeon Master's Guide 2024 (BR)","https://www.aidedd.org/magic-item/fr/arme-1-2-ou-3"
"Arme ardente","Flame Tongue","Arme","Rare","Lien","Dungeon Master's Guide 2024 (BR)","https://www.aidedd.org/magic-item/fr/arme-ardente"
"Arme brutale","Vicious Weapon","Arme","Rare","","Dungeon Master's Guide 2024 (BR)","https://www.aidedd.org/magic-item/fr/arme-brutale"
"Arme en adamantium","Adamantine Weapon","Arme","Peu courant","","Dungeon Master's Guide 2024","https://www.aidedd.org/magic-item/fr/arme-en-adamantium"
"Arme en argent","Silvered Weapon","Arme","Courant","","Dungeon Master's Guide 2024","https://www.aidedd.org/magic-item/fr/arme-en-argent"
"Arme vigilante","Weapon of Warning","Arme","Peu courant","Lien","Dungeon Master's Guide 2024","https://www.aidedd.org/magic-item/fr/arme-vigilante"
"Arme-sortilège","Enspelled Weapon","Arme","Variable","Lien","Dungeon Master's Guide 2024","https://www.aidedd.org/magic-item/fr/arme-sortilege"
"Armure +1, +2 ou +3","Armor, +1, +2, or +3","Armure","Rare (+1), très rare (+2) ou légendaire (+3)","","Dungeon Master's Guide 2024 (BR)","https://www.aidedd.org/magic-item/fr/armure-1-2-ou-3"
"Armure d'écailles de dragon","Dragon Scale Mail","Armure","Très rare","Lien","Dungeon Master's Guide 2024 (BR)","https://www.aidedd.org/magic-item/fr/armure-d-ecailles-de-dragon"
"Armure d'invulnérabilité","Armor of Invulnerability","Armure","Légendaire","Lien","Dungeon Master's Guide 2024 (BR)","https://www.aidedd.org/magic-item/fr/armure-d-invulnerabilite"
"Armure de cuir clouté enchantée","Glamoured Studded Leather","Armure","Rare","","Dungeon Master's Guide 2024 (BR)","https://www.aidedd.org/magic-item/fr/armure-de-cuir-cloute-enchantee"
"Armure de mithral","Mithral Armor","Armure","Peu courant","","Dungeon Master's Guide 2024 (BR)","https://www.aidedd.org/magic-item/fr/armure-de-mithral"
"Armure de résistance","Armor of Resistance","Armure","Rare","Lien","Dungeon Master's Guide 2024 (BR)","https://www.aidedd.org/magic-item/fr/armure-de-resistance"
"Armure de vulnérabilité","Armor of Vulnerability","Armure","Rare","Lien","Dungeon Master's Guide 2024 (BR)","https://www.aidedd.org/magic-item/fr/armure-de-vulnerabilite"
"Armure démoniaque","Demon Armor","Armure","Très rare","Lien","Dungeon Master's Guide 2024 (BR)","https://www.aidedd.org/magic-item/fr/armure-demoniaque"
"Armure du matelot","Mariner's Armor","Armure","Peu courant","","Dungeon Master's Guide 2024","https://www.aidedd.org/magic-item/fr/armure-du-matelot"
"Armure en adamantium","Adamantine Armor","Armure","Peu courant","","Dungeon Master's Guide 2024 (BR)","https://www.aidedd.org/magic-item/fr/armure-en-adamantium"
"Armure fumante","Smoldering Armor","Armure","Courant","","Dungeon Master's Guide 2024","https://www.aidedd.org/magic-item/fr/armure-fumante"
"Armure impeccable","Armor of Gleaming","Armure","Courant","","Dungeon Master's Guide 2024","https://www.aidedd.org/magic-item/fr/armure-impeccable"
"Armure rapide","Cast-Off Armor","Armure","Courant","","Dungeon Master's Guide 2024","https://www.aidedd.org/magic-item/fr/armure-rapide"
"Armure-sortilège","Enspelled Armor","Armure","Variable","Lien","Dungeon Master's Guide 2024","https://www.aidedd.org/magic-item/fr/armure-sortilege"
"Baguette d'éclairs","Wand of Lightning Bolts","Baguette","Rare","Lien","Dungeon Master's Guide 2024 (BR)","https://www.aidedd.org/magic-item/fr/baguette-d-eclairs"
"Baguette d'Orcus","Wand of Orcus","Baguette","Artéfact","Lien","Dungeon Master's Guide 2024","https://www.aidedd.org/magic-item/fr/baguette-d-orcus"
"Baguette de boules de feu","Wand of Fireballs","Baguette","Rare","Lien","Dungeon Master's Guide 2024 (BR)","https://www.aidedd.org/magic-item/fr/baguette-de-boules-de-feu"
"Baguette de détection de l'ennemi","Wand of Enemy Detection","Baguette","Rare","Lien","Dungeon Master's Guide 2024 (BR)","https://www.aidedd.org/magic-item/fr/baguette-de-detection-de-l-ennemi"
"Baguette de détection de la magie","Wand of Magic Detection","Baguette","Peu courant","","Dungeon Master's Guide 2024 (BR)","https://www.aidedd.org/magic-item/fr/baguette-de-detection-de-la-magie"
"Baguette de métamorphose","Wand of Polymorph","Baguette","Très rare","Lien","Dungeon Master's Guide 2024 (BR)","https://www.aidedd.org/magic-item/fr/baguette-de-metamorphose"
"Baguette de paralysie","Wand of Paralysis","Baguette","Rare","Lien","Dungeon Master's Guide 2024 (BR)","https://www.aidedd.org/magic-item/fr/baguette-de-paralysie"
"Baguette de peur|de terreur","Wand of Fear","Baguette","Rare","Lien","Dungeon Master's Guide 2024 (BR)","https://www.aidedd.org/magic-item/fr/baguette-de-peur-de-terreur"
"Baguette de projectiles magiques","Wand of Magic Missiles","Baguette","Peu courant","","Dungeon Master's Guide 2024 (BR)","https://www.aidedd.org/magic-item/fr/baguette-de-projectiles-magiques"
"Baguette de toile d'araignée|des toiles","Wand of Web","Baguette","Peu courant","Lien","Dungeon Master's Guide 2024 (BR)","https://www.aidedd.org/magic-item/fr/baguette-de-toile-d-araignee-des-toiles"
"Baguette des entraves","Wand of Binding","Baguette","Rare","Lien","Dungeon Master's Guide 2024 (BR)","https://www.aidedd.org/magic-item/fr/baguette-des-entraves"
"Baguette des merveilles","Wand of Wonder","Baguette","Rare","Lien","Dungeon Master's Guide 2024 (BR)","https://www.aidedd.org/magic-item/fr/baguette-des-merveilles"
"Baguette des secrets","Wand of Secrets","Baguette","Peu courant","","Dungeon Master's Guide 2024 (BR)","https://www.aidedd.org/magic-item/fr/baguette-des-secrets"
"Baguette du chef d'orchestre","Wand of Conducting","Baguette","Courant","","Dungeon Master's Guide 2024","https://www.aidedd.org/magic-item/fr/baguette-du-chef-d-orchestre"
"Baguette du mage de guerre +1, +2 ou +3","Wand of the War Mage, +1, +2, or +3","Baguette","Peu courant (+1), rare (+2) ou très rare (+3)","Lien","Dungeon Master's Guide 2024 (BR)","https://www.aidedd.org/magic-item/fr/baguette-du-mage-de-guerre-1-2-ou-3"
"Baguette du pyrotechnicien","Wand of Pyrotechnics","Baguette","Courant","","Dungeon Master's Guide 2024","https://www.aidedd.org/magic-item/fr/baguette-du-pyrotechnicien"
"Balai dansant de Baba Yaga","Baba Yaga's Dancing Broom","Objet merveilleux","Peu courant","Lien","Dungeon Master's Guide 2024","https://www.aidedd.org/magic-item/fr/balai-dansant-de-baba-yaga"
"Balai volant","Broom of Flying","Objet merveilleux","Peu courant","Lien","Dungeon Master's Guide 2024 (BR)","https://www.aidedd.org/magic-item/fr/balai-volant"
"Bandages de pancrace","Wraps of Unarmed Power","Objet merveilleux","Peu courant (+1), rare (+2) ou très rare (+3)","","Dungeon Master's Guide 2024","https://www.aidedd.org/magic-item/fr/bandages-de-pancrace"
"Bandeau d'intelligence","Headband of Intellect","Objet merveilleux","Peu courant","Lien","Dungeon Master's Guide 2024 (BR)","https://www.aidedd.org/magic-item/fr/bandeau-d-intelligence"
"Bateau pliable","Folding Boat","Objet merveilleux","Rare","","Dungeon Master's Guide 2024 (BR)","https://www.aidedd.org/magic-item/fr/bateau-pliable"
"Bâton d'envoûtement","Staff of Charming","Bâton","Rare","Lien","Dungeon Master's Guide 2024 (BR)","https://www.aidedd.org/magic-item/fr/baton-d-envoutement"
"Bâton de feu","Staff of Fire","Bâton","Très rare","Lien","Dungeon Master's Guide 2024 (BR)","https://www.aidedd.org/magic-item/fr/baton-de-feu"
"Bâton de flétrissement","Staff of Withering","Bâton","Rare","Lien","Dungeon Master's Guide 2024 (BR)","https://www.aidedd.org/magic-item/fr/baton-de-fletrissement"
"Bâton de givre","Staff of Frost","Bâton","Très rare","Lien","Dungeon Master's Guide 2024 (BR)","https://www.aidedd.org/magic-item/fr/baton-de-givre"
"Bâton de guérison","Staff of Healing","Bâton","Rare","Lien","Dungeon Master's Guide 2024 (BR)","https://www.aidedd.org/magic-item/fr/baton-de-guerison"
"Bâton de l'acrobate","Quarterstaff of the Acrobat","Arme","Très rare","Lien","Dungeon Master's Guide 2024 (BR)","https://www.aidedd.org/magic-item/fr/baton-de-l-acrobate"
"Bâton de la vipère","Staff of the Adder","Bâton","Peu courant","Lien","Dungeon Master's Guide 2024","https://www.aidedd.org/magic-item/fr/baton-de-la-vipere"
"Bâton de surpuissance","Staff of Power","Bâton","Très rare","Lien","Dungeon Master's Guide 2024 (BR)","https://www.aidedd.org/magic-item/fr/baton-de-surpuissance"
"Bâton de tonnerre et de foudre","Staff of Thunder and Lightning","Bâton","Très rare","Lien","Dungeon Master's Guide 2024 (BR)","https://www.aidedd.org/magic-item/fr/baton-de-tonnerre-et-de-foudre"
"Bâton des chants d'oiseaux","Staff of Birdcalls","Bâton","Courant","","Dungeon Master's Guide 2024","https://www.aidedd.org/magic-item/fr/baton-des-chants-d-oiseaux"
"Bâton des forêts","Staff of the Woodlands","Bâton","Rare","Lien","Dungeon Master's Guide 2024 (BR)","https://www.aidedd.org/magic-item/fr/baton-des-forets"
"Bâton du grand essaim","Staff of Swarming Insects","Bâton","Rare","Lien","Dungeon Master's Guide 2024 (BR)","https://www.aidedd.org/magic-item/fr/baton-du-grand-essaim"
"Bâton du python","Staff of the Python","Bâton","Peu courant","Lien","Dungeon Master's Guide 2024 (BR)","https://www.aidedd.org/magic-item/fr/baton-du-python"
"Bâton du thaumaturge","Staff of the Magi","Bâton","Légendaire","Lien","Dungeon Master's Guide 2024 (BR)","https://www.aidedd.org/magic-item/fr/baton-du-thaumaturge"
"Bâton floral","Staff of Flowers","Bâton","Courant","","Dungeon Master's Guide 2024","https://www.aidedd.org/magic-item/fr/baton-floral"
"Bâton ostensible","Staff of Adornment","Bâton","Courant","","Dungeon Master's Guide 2024","https://www.aidedd.org/magic-item/fr/baton-ostensible"
"Bâton percussif","Staff of Striking","Bâton","Très rare","Lien","Dungeon Master's Guide 2024 (BR)","https://www.aidedd.org/magic-item/fr/baton-percussif"
"Bâton-sortilège","Enspelled Staff","Bâton","Variable","Lien","Dungeon Master's Guide 2024","https://www.aidedd.org/magic-item/fr/baton-sortilege"
"Baume de Keoghtom","Keoghtom's Ointment","Objet merveilleux","Peu courant","","Dungeon Master's Guide 2024","https://www.aidedd.org/magic-item/fr/baume-de-keoghtom"
"Bottes ailées","Winged Boots","Objet merveilleux","Peu courant","Lien","Dungeon Master's Guide 2024 (BR)","https://www.aidedd.org/magic-item/fr/bottes-ailees"
"Bottes aux empreintes factices","Boots of False Tracks","Objet merveilleux","Courant","Lien","Dungeon Master's Guide 2024","https://www.aidedd.org/magic-item/fr/bottes-aux-empreintes-factices"
"Bottes de lévitation","Boots of Levitation","Objet merveilleux","Rare","Lien","Dungeon Master's Guide 2024 (BR)","https://www.aidedd.org/magic-item/fr/bottes-de-levitation"
"Bottes de rapidité","Boots of Speed","Objet merveilleux","Rare","Lien","Dungeon Master's Guide 2024 (BR)","https://www.aidedd.org/magic-item/fr/bottes-de-rapidite"
"Bottes de sept lieues","Boots of Striding and Springing","Objet merveilleux","Peu courant","Lien","Dungeon Master's Guide 2024 (BR)","https://www.aidedd.org/magic-item/fr/bottes-de-sept-lieues"
"Bottes des terres gelées","Boots of the Winterlands","Objet merveilleux","Peu courant","Lien","Dungeon Master's Guide 2024 (BR)","https://www.aidedd.org/magic-item/fr/bottes-des-terres-gelees"
"Bottes elfiques","Boots of Elvenkind","Objet merveilleux","Peu courant","","Dungeon Master's Guide 2024 (BR)","https://www.aidedd.org/magic-item/fr/bottes-elfiques"
"Bouclier +1, +2 ou +3","Shield, +1, +2, or +3","Armure","Peu courant (+1), rare (+2) ou très rare (+3)","","Dungeon Master's Guide 2024 (BR)","https://www.aidedd.org/magic-item/fr/bouclier-1-2-ou-3"
"Bouclier animé","Animated Shield","Armure","Très rare","Lien","Dungeon Master's Guide 2024 (BR)","https://www.aidedd.org/magic-item/fr/bouclier-anime"
"Bouclier antiprojectiles","Arrow-Catching Shield","Armure","Rare","Lien","Dungeon Master's Guide 2024 (BR)","https://www.aidedd.org/magic-item/fr/bouclier-antiprojectiles"
"Bouclier d'attraction des projectiles","Shield of Missile Attraction","Armure","Rare","Lien","Dungeon Master's Guide 2024 (BR)","https://www.aidedd.org/magic-item/fr/bouclier-d-attraction-des-projectiles"
"Bouclier du cavalier|du hussard","Shield of the Cavalier","Armure","Très rare","Lien","Dungeon Master's Guide 2024 (BR)","https://www.aidedd.org/magic-item/fr/bouclier-du-cavalier-du-hussard"
"Bouclier expressif","Shield of Expression","Armure","Courant","","Dungeon Master's Guide 2024","https://www.aidedd.org/magic-item/fr/bouclier-expressif"
"Bouclier gardesort","Spellguard Shield","Armure","Très rare","Lien","Dungeon Master's Guide 2024 (BR)","https://www.aidedd.org/magic-item/fr/bouclier-gardesort"
"Bouclier sentinelle","Sentinel Shield","Armure","Peu courant","","Dungeon Master's Guide 2024 (BR)","https://www.aidedd.org/magic-item/fr/bouclier-sentinelle"
"Boule de cristal","Crystal Ball","Objet merveilleux","Très rare","Lien","Dungeon Master's Guide 2024 (BR)","https://www.aidedd.org/magic-item/fr/boule-de-cristal"
"Boule de cristal de lecture des pensées","Crystal Ball of Mind Reading","Objet merveilleux","Légendaire","Lien","Dungeon Master's Guide 2024 (BR)","https://www.aidedd.org/magic-item/fr/boule-de-cristal-de-lecture-des-pensees"
"Boule de cristal de télépathie","Crystal Ball of Telepathy","Objet merveilleux","Légendaire","Lien","Dungeon Master's Guide 2024 (BR)","https://www.aidedd.org/magic-item/fr/boule-de-cristal-de-telepathie"
"Boule de cristal de vision suprême","Crystal Ball of True Seeing","Objet merveilleux","Légendaire","Lien","Dungeon Master's Guide 2024 (BR)","https://www.aidedd.org/magic-item/fr/boule-de-cristal-de-vision-supreme"
"Bourse à épices d'Huard","Heward's Handy Spice Pouch","Objet merveilleux","Courant","","Dungeon Master's Guide 2024","https://www.aidedd.org/magic-item/fr/bourse-a-epices-d-huard"
"Bouteille de l'éfrit|du mauvais génie","Efreeti Bottle","Objet merveilleux","Très rare","","Dungeon Master's Guide 2024 (BR)","https://www.aidedd.org/magic-item/fr/bouteille-de-l-efrit-du-mauvais-genie"
"Bracelets d'archer","Bracers of Archery","Objet merveilleux","Peu courant","Lien","Dungeon Master's Guide 2024 (BR)","https://www.aidedd.org/magic-item/fr/bracelets-d-archer"
"Bracelets de défense","Bracers of Defense","Objet merveilleux","Rare","Lien","Dungeon Master's Guide 2024 (BR)","https://www.aidedd.org/magic-item/fr/bracelets-de-defense"
"Brasero de contrôle des élémentaires du feu","Brazier of Commanding Fire Elementals","Objet merveilleux","Rare","","Dungeon Master's Guide 2024 (BR)","https://www.aidedd.org/magic-item/fr/brasero-de-controle-des-elementaires-du-feu"
"Broche de défense","Brooch of Shielding","Objet merveilleux","Peu courant","Lien","Dungeon Master's Guide 2024 (BR)","https://www.aidedd.org/magic-item/fr/broche-de-defense"
"Cadenas sournois","Lock of Trickery","Objet merveilleux","Courant","","Dungeon Master's Guide 2024","https://www.aidedd.org/magic-item/fr/cadenas-sournois"
"Canne du vétéran","Veteran's Cane","Objet merveilleux","Courant","","Dungeon Master's Guide 2024","https://www.aidedd.org/magic-item/fr/canne-du-veteran"
"Cape à la mode","Cloak of Many Fashions","Objet merveilleux","Courant","","Dungeon Master's Guide 2024","https://www.aidedd.org/magic-item/fr/cape-a-la-mode"
"Cape d'invisibilité","Cloak of Invisibility","Objet merveilleux","Légendaire","Lien","Dungeon Master's Guide 2024 (BR)","https://www.aidedd.org/magic-item/fr/cape-d-invisibilite"
"Cape de déplacement","Cloak of Displacement","Objet merveilleux","Rare","Lien","Dungeon Master's Guide 2024 (BR)","https://www.aidedd.org/magic-item/fr/cape-de-deplacement"
"Cape de l'arachnide","Cloak of Arachnida","Objet merveilleux","Très rare","Lien","Dungeon Master's Guide 2024 (BR)","https://www.aidedd.org/magic-item/fr/cape-de-l-arachnide"
"Cape de la chauve-souris","Cloak of the Bat","Objet merveilleux","Rare","Lien","Dungeon Master's Guide 2024 (BR)","https://www.aidedd.org/magic-item/fr/cape-de-la-chauve-souris"
"Cape de la raie manta","Cloak of the Manta Ray","Objet merveilleux","Peu courant","Lien","Dungeon Master's Guide 2024 (BR)","https://www.aidedd.org/magic-item/fr/cape-de-la-raie-manta"
"Cape de protection","Cloak of Protection","Objet merveilleux","Peu courant","Lien","Dungeon Master's Guide 2024 (BR)","https://www.aidedd.org/magic-item/fr/cape-de-protection"
"Cape de vol","Wings of Flying","Objet merveilleux","Rare","Lien","Dungeon Master's Guide 2024 (BR)","https://www.aidedd.org/magic-item/fr/cape-de-vol"
"Cape du prestidigitateur","Cape of the Mountebank","Objet merveilleux","Rare","","Dungeon Master's Guide 2024 (BR)","https://www.aidedd.org/magic-item/fr/cape-du-prestidigitateur"
"Cape elfique","Cloak of Elvenkind","Objet merveilleux","Peu courant","Lien","Dungeon Master's Guide 2024 (BR)","https://www.aidedd.org/magic-item/fr/cape-elfique"
"Cape virevoltante","Cloak of Billowing","Objet merveilleux","Courant","","Dungeon Master's Guide 2024","https://www.aidedd.org/magic-item/fr/cape-virevoltante"
"Capuchon de respiration aquatique","Cap of Water Breathing","Objet merveilleux","Peu courant","","Dungeon Master's Guide 2024","https://www.aidedd.org/magic-item/fr/capuchon-de-respiration-aquatique"
"Carafe intarissable","Decanter of Endless Water","Objet merveilleux","Peu courant","","Dungeon Master's Guide 2024 (BR)","https://www.aidedd.org/magic-item/fr/carafe-intarissable"
"Carillon d'ouverture","Chime of Opening","Objet merveilleux","Rare","","Dungeon Master's Guide 2024 (BR)","https://www.aidedd.org/magic-item/fr/carillon-d-ouverture"
"Carquois d'Ehlonna","Quiver of Ehlonna","Objet merveilleux","Peu courant","","Dungeon Master's Guide 2024 (BR)","https://www.aidedd.org/magic-item/fr/carquois-d-ehlonna"
"Cartes d'illusion|Tarot fantasmagorique","Deck of Illusions","Objet merveilleux","Peu courant","","Dungeon Master's Guide 2024 (BR)","https://www.aidedd.org/magic-item/fr/cartes-d-illusion-tarot-fantasmagorique"
"Cartes merveilleuses|Tarot merveilleux","Deck of Many Things","Objet merveilleux","Légendaire","","Dungeon Master's Guide 2024 (BR)","https://www.aidedd.org/magic-item/fr/cartes-merveilleuses-tarot-merveilleux"
"Ceinturon de force de géant","Belt of Giant Strength","Objet merveilleux","Variable","Lien","Dungeon Master's Guide 2024 (BR)","https://www.aidedd.org/magic-item/fr/ceinturon-de-force-de-geant"
"Ceinturon des nains","Belt of Dwarvenkind","Objet merveilleux","Rare","Lien","Dungeon Master's Guide 2024 (BR)","https://www.aidedd.org/magic-item/fr/ceinturon-des-nains"
"Chandelle des profondeurs","Candle of the Deep","Objet merveilleux","Courant","","Dungeon Master's Guide 2024","https://www.aidedd.org/magic-item/fr/chandelle-des-profondeurs"
"Chapeau de déguisement","Hat of Disguise","Objet merveilleux","Peu courant","Lien","Dungeon Master's Guide 2024 (BR)","https://www.aidedd.org/magic-item/fr/chapeau-de-deguisement"
"Chapeau de magicien","Hat of Wizardry","Objet merveilleux","Courant","Lien","Dungeon Master's Guide 2024","https://www.aidedd.org/magic-item/fr/chapeau-de-magicien"
"Chapeau de vermine","Hat of Vermin","Objet merveilleux","Courant","","Dungeon Master's Guide 2024","https://www.aidedd.org/magic-item/fr/chapeau-de-vermine"
"Chapeau mille-sorts","Hat of Many Spells","Objet merveilleux","Très rare","Lien","Dungeon Master's Guide 2024 (BR)","https://www.aidedd.org/magic-item/fr/chapeau-mille-sorts"
"Chaudron de renaissance","Cauldron of Rebirth","Objet merveilleux","Très rare","Lien","Dungeon Master's Guide 2024","https://www.aidedd.org/magic-item/fr/chaudron-de-renaissance"
"Chaussons de l'araignée","Slippers of Spider Climbing","Objet merveilleux","Peu courant","Lien","Dungeon Master's Guide 2024 (BR)","https://www.aidedd.org/magic-item/fr/chaussons-de-l-araignee"
"Chope de sobriété","Tankard of Sobriety","Objet merveilleux","Courant","","Dungeon Master's Guide 2024","https://www.aidedd.org/magic-item/fr/chope-de-sobriete"
"Cierge d'invocation","Candle of Invocation","Objet merveilleux","Très rare","Lien","Dungeon Master's Guide 2024 (BR)","https://www.aidedd.org/magic-item/fr/cierge-d-invocation"
"Cimeterre de célérité","Scimitar of Speed","Arme","Très rare","Lien","Dungeon Master's Guide 2024 (BR)","https://www.aidedd.org/magic-item/fr/cimeterre-de-celerite"
"Clef mystérieuse","Mystery Key","Objet merveilleux","Courant","","Dungeon Master's Guide 2024","https://www.aidedd.org/magic-item/fr/clef-mysterieuse"
"Colle universelle","Sovereign Glue","Objet merveilleux","Légendaire","","Dungeon Master's Guide 2024 (BR)","https://www.aidedd.org/magic-item/fr/colle-universelle"
"Collier d'adaptation","Necklace of Adaptation","Objet merveilleux","Peu courant","Lien","Dungeon Master's Guide 2024 (BR)","https://www.aidedd.org/magic-item/fr/collier-d-adaptation"
"Collier de boules de feu","Necklace of Fireballs","Objet merveilleux","Rare","","Dungeon Master's Guide 2024 (BR)","https://www.aidedd.org/magic-item/fr/collier-de-boules-de-feu"
"Collier de prière|Chapelet mystique","Necklace of Prayer Beads","Objet merveilleux","Rare","Lien","Dungeon Master's Guide 2024 (BR)","https://www.aidedd.org/magic-item/fr/collier-de-priere-chapelet-mystique"
"Cor d'alarme silencieuse","Horn of Silent Alarm","Objet merveilleux","Courant","","Dungeon Master's Guide 2024","https://www.aidedd.org/magic-item/fr/cor-d-alarme-silencieuse"
"Cor de dévastation","Horn of Blasting","Objet merveilleux","Rare","","Dungeon Master's Guide 2024 (BR)","https://www.aidedd.org/magic-item/fr/cor-de-devastation"
"Cor du Valhalla","Horn of Valhalla","Objet merveilleux","Rare (argent ou airain), très rare (bronze) ou légendaire (fer)","","Dungeon Master's Guide 2024 (BR)","https://www.aidedd.org/magic-item/fr/cor-du-valhalla"
"Corde d'ascension","Rope of Climbing","Objet merveilleux","Peu courant","","Dungeon Master's Guide 2024 (BR)","https://www.aidedd.org/magic-item/fr/corde-d-ascension"
"Corde d'enchevêtrement","Rope of Entanglement","Objet merveilleux","Rare","","Dungeon Master's Guide 2024 (BR)","https://www.aidedd.org/magic-item/fr/corde-d-enchevetrement"
"Corde remaillante","Rope of Mending","Objet merveilleux","Courant","","Dungeon Master's Guide 2024","https://www.aidedd.org/magic-item/fr/corde-remaillante"
"Cornet acoustique","Ear Horn of Hearing","Objet merveilleux","Courant","","Dungeon Master's Guide 2024","https://www.aidedd.org/magic-item/fr/cornet-acoustique"
"Cruche alchimique","Alchemy Jug","Objet merveilleux","Peu courant","","Dungeon Master's Guide 2024","https://www.aidedd.org/magic-item/fr/cruche-alchimique"
"Cube de convocation","Cube of Summoning","Objet merveilleux","Rare","","Dungeon Master's Guide 2024","https://www.aidedd.org/magic-item/fr/cube-de-convocation"
"Cube de force","Cube of Force","Objet merveilleux","Rare","Lien","Dungeon Master's Guide 2024 (BR)","https://www.aidedd.org/magic-item/fr/cube-de-force"
"Cube des plans","Cubic Gate","Objet merveilleux","Légendaire","","Dungeon Master's Guide 2024 (BR)","https://www.aidedd.org/magic-item/fr/cube-des-plans"
"Dague venimeuse","Dagger of Venom","Arme","Rare","","Dungeon Master's Guide 2024 (BR)","https://www.aidedd.org/magic-item/fr/dague-venimeuse"
"Dé du charlatan","Charlatan's Die","Objet merveilleux","Courant","Lien","Dungeon Master's Guide 2024","https://www.aidedd.org/magic-item/fr/de-du-charlatan"
"Déluge","Whelm","Arme","Artéfact","Lien","Dungeon Master's Guide 2024","https://www.aidedd.org/magic-item/fr/deluge"
"Demonomicon d'Iggwilv","Demonomicon of Iggwilv","Objet merveilleux","Artéfact","Lien","Dungeon Master's Guide 2024","https://www.aidedd.org/magic-item/fr/demonomicon-d-iggwilv"
"Diadème de destruction","Circlet of Blasting","Objet merveilleux","Peu courant","","Dungeon Master's Guide 2024 (BR)","https://www.aidedd.org/magic-item/fr/diademe-de-destruction"
"Élixir de jouvence","Potion of Longevity","Potion","Très rare","","Dungeon Master's Guide 2024 (BR)","https://www.aidedd.org/magic-item/fr/elixir-de-jouvence"
"Élixir de santé","Elixir of Health","Potion","Rare","","Dungeon Master's Guide 2024 (BR)","https://www.aidedd.org/magic-item/fr/elixir-de-sante"
"Encensoir de contrôle des élémentaires de l'air","Censer of Controlling Air Elementals","Objet merveilleux","Rare","","Dungeon Master's Guide 2024 (BR)","https://www.aidedd.org/magic-item/fr/encensoir-de-controle-des-elementaires-de-l-air"
"Épée acérée","Sword of Sharpness","Arme","Très rare","Lien","Dungeon Master's Guide 2024 (BR)","https://www.aidedd.org/magic-item/fr/epee-aceree"
"Épée dansante","Dancing Sword","Arme","Très rare","Lien","Dungeon Master's Guide 2024 (BR)","https://www.aidedd.org/magic-item/fr/epee-dansante"
"Épée de Kas","Sword of Kas","Arme","Artéfact","Lien","Dungeon Master's Guide 2024","https://www.aidedd.org/magic-item/fr/epee-de-kas"
"Épée de réponse","Sword of Answering","Arme","Légendaire","Lien","Dungeon Master's Guide 2024","https://www.aidedd.org/magic-item/fr/epee-de-reponse"
"Épée mordante","Sword of Wounding","Arme","Rare","Lien","Dungeon Master's Guide 2024 (BR)","https://www.aidedd.org/magic-item/fr/epee-mordante"
"Épée radieuse","Sun Blade","Arme","Rare","Lien","Dungeon Master's Guide 2024 (BR)","https://www.aidedd.org/magic-item/fr/epee-radieuse"
"Épée sélène","Moon-Touched Sword","Arme","Courant","","Dungeon Master's Guide 2024","https://www.aidedd.org/magic-item/fr/epee-selene"
"Épée vengeresse","Sword of Vengeance","Arme","Peu courant","Lien","Dungeon Master's Guide 2024","https://www.aidedd.org/magic-item/fr/epee-vengeresse"
"Épée voleuse de vie","Sword of Life Stealing","Arme","Rare","Lien","Dungeon Master's Guide 2024 (BR)","https://www.aidedd.org/magic-item/fr/epee-voleuse-de-vie"
"Épée vorpale","Vorpal Sword","Arme","Légendaire","Lien","Dungeon Master's Guide 2024 (BR)","https://www.aidedd.org/magic-item/fr/epee-vorpale"
"Éventail enchanté","Wind Fan","Objet merveilleux","Peu courant","","Dungeon Master's Guide 2024 (BR)","https://www.aidedd.org/magic-item/fr/eventail-enchante"
"Fer gelé","Frost Brand","Arme","Très rare","Lien","Dungeon Master's Guide 2024 (BR)","https://www.aidedd.org/magic-item/fr/fer-gele"
"Fers de rapidité","Horseshoes of Speed","Objet merveilleux","Rare","","Dungeon Master's Guide 2024 (BR)","https://www.aidedd.org/magic-item/fr/fers-de-rapidite"
"Fers de zéphyr","Horseshoes of a Zephyr","Objet merveilleux","Très rare","","Dungeon Master's Guide 2024 (BR)","https://www.aidedd.org/magic-item/fr/fers-de-zephyr"
"Figurine merveilleuse","Figurine of Wondrous Power","Objet merveilleux","Variable","","Dungeon Master's Guide 2024 (BR)","https://www.aidedd.org/magic-item/fr/figurine-merveilleuse"
"Flasque de fer","Iron Flask","Objet merveilleux","Légendaire","","Dungeon Master's Guide 2024 (BR)","https://www.aidedd.org/magic-item/fr/flasque-de-fer"
"Flûte des égouts","Pipes of the Sewers","Objet merveilleux","Peu courant","Lien","Dungeon Master's Guide 2024 (BR)","https://www.aidedd.org/magic-item/fr/flute-des-egouts"
"Flûte terrifiante","Pipes of Haunting","Objet merveilleux","Peu courant","","Dungeon Master's Guide 2024 (BR)","https://www.aidedd.org/magic-item/fr/flute-terrifiante"
"Forteresse instantanée de Daern","Daern's Instant Fortress","Objet merveilleux","Rare","Lien","Dungeon Master's Guide 2024 (BR)","https://www.aidedd.org/magic-item/fr/forteresse-instantanee-de-daern"
"Gantelets de puissance d'ogre","Gauntlets of Ogre Power","Objet merveilleux","Peu courant","Lien","Dungeon Master's Guide 2024 (BR)","https://www.aidedd.org/magic-item/fr/gantelets-de-puissance-d-ogre"
"Gants de chapardeur","Gloves of Thievery","Objet merveilleux","Peu courant","","Dungeon Master's Guide 2024 (BR)","https://www.aidedd.org/magic-item/fr/gants-de-chapardeur"
"Gants de nage et d'escalade","Gloves of Swimming and Climbing","Objet merveilleux","Peu courant","Lien","Dungeon Master's Guide 2024 (BR)","https://www.aidedd.org/magic-item/fr/gants-de-nage-et-d-escalade"
"Gants piégeurs de projectiles","Gloves of Missile Snaring","Objet merveilleux","Peu courant","Lien","Dungeon Master's Guide 2024 (BR)","https://www.aidedd.org/magic-item/fr/gants-piegeurs-de-projectiles"
"Gardienne","Defender","Arme","Légendaire","Lien","Dungeon Master's Guide 2024 (BR)","https://www.aidedd.org/magic-item/fr/gardienne"
"Gemme d'illumination","Gem of Brightness","Objet merveilleux","Peu courant","","Dungeon Master's Guide 2024 (BR)","https://www.aidedd.org/magic-item/fr/gemme-d-illumination"
"Gemme de vision","Gem of Seeing","Objet merveilleux","Rare","Lien","Dungeon Master's Guide 2024 (BR)","https://www.aidedd.org/magic-item/fr/gemme-de-vision"
"Gemme élémentaire","Elemental Gem","Objet merveilleux","Peu courant","","Dungeon Master's Guide 2024 (BR)","https://www.aidedd.org/magic-item/fr/gemme-elementaire"
"Globe flottant","Driftglobe","Objet merveilleux","Peu courant","","Dungeon Master's Guide 2024","https://www.aidedd.org/magic-item/fr/globe-flottant"
"Grimoire résistant","Enduring Spellbook","Objet merveilleux","Courant","","Dungeon Master's Guide 2024","https://www.aidedd.org/magic-item/fr/grimoire-resistant"
"Habits autoréparateurs","Clothes of Mending","Objet merveilleux","Courant","","Dungeon Master's Guide 2024","https://www.aidedd.org/magic-item/fr/habits-autoreparateurs"
"Hache des seigneurs nains","Axe of the Dwarvish Lords","Arme","Artéfact","Lien","Dungeon Master's Guide 2024","https://www.aidedd.org/magic-item/fr/hache-des-seigneurs-nains"
"Hache du berserker","Berserker Axe","Arme","Rare","Lien","Dungeon Master's Guide 2024 (BR)","https://www.aidedd.org/magic-item/fr/hache-du-berserker"
"Hache du bourreau","Executioner's Axe","Arme","Très rare","","Dungeon Master's Guide 2024","https://www.aidedd.org/magic-item/fr/hache-du-bourreau"
"Harnois éthéré","Plate Armor of Etherealness","Armure","Légendaire","Lien","Dungeon Master's Guide 2024 (BR)","https://www.aidedd.org/magic-item/fr/harnois-ethere"
"Harnois nain","Dwarven Plate","Armure","Très rare","","Dungeon Master's Guide 2024 (BR)","https://www.aidedd.org/magic-item/fr/harnois-nain"
"Havresac d'Huard","Heward's Handy Haversack","Objet merveilleux","Rare","","Dungeon Master's Guide 2024 (BR)","https://www.aidedd.org/magic-item/fr/havresac-d-huard"
"Heaume de compréhension des langues","Helm of Comprehending Languages","Objet merveilleux","Peu courant","","Dungeon Master's Guide 2024 (BR)","https://www.aidedd.org/magic-item/fr/heaume-de-comprehension-des-langues"
"Heaume de télépathie","Helm of Telepathy","Objet merveilleux","Peu courant","Lien","Dungeon Master's Guide 2024 (BR)","https://www.aidedd.org/magic-item/fr/heaume-de-telepathie"
"Heaume de téléportation","Helm of Teleportation","Objet merveilleux","Rare","Lien","Dungeon Master's Guide 2024 (BR)","https://www.aidedd.org/magic-item/fr/heaume-de-teleportation"
"Heaume effrayant","Dread Helm","Objet merveilleux","Courant","","Dungeon Master's Guide 2024","https://www.aidedd.org/magic-item/fr/heaume-effrayant"
"Heaume scintillant","Helm of Brilliance","Objet merveilleux","Très rare","Lien","Dungeon Master's Guide 2024 (BR)","https://www.aidedd.org/magic-item/fr/heaume-scintillant"
"Huile d'affûtage","Oil of Sharpness","Potion","Très rare","","Dungeon Master's Guide 2024 (BR)","https://www.aidedd.org/magic-item/fr/huile-d-affutage"
"Huile d'insaisissabilité","Oil of Slipperiness","Potion","Peu courant","","Dungeon Master's Guide 2024 (BR)","https://www.aidedd.org/magic-item/fr/huile-d-insaisissabilite"
"Huile éthérée","Oil of Etherealness","Potion","Rare","","Dungeon Master's Guide 2024 (BR)","https://www.aidedd.org/magic-item/fr/huile-etheree"
"Instrument à illusions","Instrument of Illusions","Objet merveilleux","Courant","","Dungeon Master's Guide 2024","https://www.aidedd.org/magic-item/fr/instrument-a-illusions"
"Instrument à message","Instrument of Scribing","Objet merveilleux","Courant","","Dungeon Master's Guide 2024","https://www.aidedd.org/magic-item/fr/instrument-a-message"
"Instrument des bardes","Instrument of the Bards","Objet merveilleux","Variable","Lien","Dungeon Master's Guide 2024","https://www.aidedd.org/magic-item/fr/instrument-des-bardes"
"Jatte de contrôle des élémentaires de l'eau","Bowl of Commanding Water Elementals","Objet merveilleux","Rare","","Dungeon Master's Guide 2024 (BR)","https://www.aidedd.org/magic-item/fr/jatte-de-controle-des-elementaires-de-l-eau"
"Javeline de foudre","Javelin of Lightning","Arme","Peu courant","","Dungeon Master's Guide 2024 (BR)","https://www.aidedd.org/magic-item/fr/javeline-de-foudre"
"Lame porte-bonheur","Luck Blade","Arme","Légendaire","Lien","Dungeon Master's Guide 2024 (BR)","https://www.aidedd.org/magic-item/fr/lame-porte-bonheur"
"Lamelune","Moonblade","Arme","Légendaire","Lien","Dungeon Master's Guide 2024","https://www.aidedd.org/magic-item/fr/lamelune"
"Lanterne de révélation","Lantern of Revealing","Objet merveilleux","Peu courant","","Dungeon Master's Guide 2024 (BR)","https://www.aidedd.org/magic-item/fr/lanterne-de-revelation"
"Lentilles de netteté","Eyes of Minute Seeing","Objet merveilleux","Peu courant","","Dungeon Master's Guide 2024 (BR)","https://www.aidedd.org/magic-item/fr/lentilles-de-nettete"
"Les Chapitres Interdits","Book of Vile Darkness","Objet merveilleux","Artéfact","Lien","Dungeon Master's Guide 2024","https://www.aidedd.org/magic-item/fr/les-chapitres-interdits"
"Les Chapitres Sacrés","Book of Exalted Deeds","Objet merveilleux","Artéfact","Lien","Dungeon Master's Guide 2024","https://www.aidedd.org/magic-item/fr/les-chapitres-sacres"
"Liens de fer de Bilarro","Iron Bands of Bilarro","Objet merveilleux","Rare","","Dungeon Master's Guide 2024 (BR)","https://www.aidedd.org/magic-item/fr/liens-de-fer-de-bilarro"
"Lunettes de nuit|du nyctalope","Goggles of Night","Objet merveilleux","Peu courant","","Dungeon Master's Guide 2024 (BR)","https://www.aidedd.org/magic-item/fr/lunettes-de-nuit-du-nyctalope"
"Luth tonitruant","Lute of Thunderous Thumping","Arme","Très rare","","Dungeon Master's Guide 2024","https://www.aidedd.org/magic-item/fr/luth-tonitruant"
"Mailles de l'éfrit","Efreeti Chain","Armure","Légendaire","Lien","Dungeon Master's Guide 2024 (BR)","https://www.aidedd.org/magic-item/fr/mailles-de-l-efrit"
"Mailles elfiques","Elven Chain","Armure","Rare","","Dungeon Master's Guide 2024 (BR)","https://www.aidedd.org/magic-item/fr/mailles-elfiques"
"Mante de dame Nature","Nature's Mantle","Objet merveilleux","Peu courant","Lien","Dungeon Master's Guide 2024","https://www.aidedd.org/magic-item/fr/mante-de-dame-nature"
"Manteau de résistance aux sorts","Mantle of Spell Resistance","Objet merveilleux","Rare","Lien","Dungeon Master's Guide 2024 (BR)","https://www.aidedd.org/magic-item/fr/manteau-de-resistance-aux-sorts"
"Manuel d'exercices physiques","Manual of Gainful Exercise","Objet merveilleux","Très rare","","Dungeon Master's Guide 2024 (BR)","https://www.aidedd.org/magic-item/fr/manuel-d-exercices-physiques"
"Manuel de vitalité","Manual of Bodily Health","Objet merveilleux","Très rare","","Dungeon Master's Guide 2024 (BR)","https://www.aidedd.org/magic-item/fr/manuel-de-vitalite"
"Manuel de vivacité","Manual of Quickness of Action","Objet merveilleux","Très rare","","Dungeon Master's Guide 2024 (BR)","https://www.aidedd.org/magic-item/fr/manuel-de-vivacite"
"Manuel des golems","Manual of Golems","Objet merveilleux","Très rare","","Dungeon Master's Guide 2024 (BR)","https://www.aidedd.org/magic-item/fr/manuel-des-golems"
"Marteau de tonnerre","Hammer of Thunderbolts","Arme","Légendaire","Lien","Dungeon Master's Guide 2024 (BR)","https://www.aidedd.org/magic-item/fr/marteau-de-tonnerre"
"Marteau volant des nains","Dwarven Thrower","Arme","Très rare","Lien","Dungeon Master's Guide 2024 (BR)","https://www.aidedd.org/magic-item/fr/marteau-volant-des-nains"
"Masse d'anéantissement","Mace of Disruption","Arme","Rare","Lien","Dungeon Master's Guide 2024 (BR)","https://www.aidedd.org/magic-item/fr/masse-d-aneantissement"
"Masse destructrice","Mace of Smiting","Arme","Rare","","Dungeon Master's Guide 2024 (BR)","https://www.aidedd.org/magic-item/fr/masse-destructrice"
"Masse terrifiante","Mace of Terror","Arme","Rare","Lien","Dungeon Master's Guide 2024","https://www.aidedd.org/magic-item/fr/masse-terrifiante"
"Massue tonnante","Thunderous Greatclub","Arme","Très rare","Lien","Dungeon Master's Guide 2024 (BR)","https://www.aidedd.org/magic-item/fr/massue-tonnante"
"Médaillon des pensées","Medallion of Thoughts","Objet merveilleux","Peu courant","Lien","Dungeon Master's Guide 2024 (BR)","https://www.aidedd.org/magic-item/fr/medaillon-des-pensees"
"Membre artificiel","Prosthetic Limb","Objet merveilleux","Courant","","Dungeon Master's Guide 2024","https://www.aidedd.org/magic-item/fr/membre-artificiel"
"Menottes dimensionnelles","Dimensional Shackles","Objet merveilleux","Rare","","Dungeon Master's Guide 2024 (BR)","https://www.aidedd.org/magic-item/fr/menottes-dimensionnelles"
"Miroir d'emprisonnement","Mirror of Life Trapping","Objet merveilleux","Très rare","","Dungeon Master's Guide 2024 (BR)","https://www.aidedd.org/magic-item/fr/miroir-d-emprisonnement"
"Noirtranchant","Blackrazor","Arme","Artéfact","Lien","Dungeon Master's Guide 2024","https://www.aidedd.org/magic-item/fr/noirtranchant"
"Oeil artificiel","Ersatz Eye","Objet merveilleux","Courant","","Dungeon Master's Guide 2024","https://www.aidedd.org/magic-item/fr/oeil-artificiel"
"Oeil de guenaude","Hag Eye","Objet merveilleux","Peu courant","","Dungeon Master's Guide 2024","https://www.aidedd.org/magic-item/fr/oeil-de-guenaude"
"Oeil et Main de Vecna","Eye and Hand of Vecna","Objet merveilleux","Artéfact","Lien","Dungeon Master's Guide 2024","https://www.aidedd.org/magic-item/fr/oeil-et-main-de-vecna"
"Orbe boussole","Orb of Direction","Objet merveilleux","Courant","","Dungeon Master's Guide 2024","https://www.aidedd.org/magic-item/fr/orbe-boussole"
"Orbe des dragons","Orb of Dragonkind","Objet merveilleux","Artéfact","Lien","Dungeon Master's Guide 2024 (BR)","https://www.aidedd.org/magic-item/fr/orbe-des-dragons"
"Orbe horloge","Orb of Time","Objet merveilleux","Courant","","Dungeon Master's Guide 2024","https://www.aidedd.org/magic-item/fr/orbe-horloge"
"Parchemin de convocation de titan","Scroll of Titan Summoning","Parchemin","Légendaire","","Dungeon Master's Guide 2024","https://www.aidedd.org/magic-item/fr/parchemin-de-convocation-de-titan"
"Parchemin de protection","Scroll of Protection","Parchemin","Rare","","Dungeon Master's Guide 2024","https://www.aidedd.org/magic-item/fr/parchemin-de-protection"
"Parchemin de sort","Spell Scroll","Parchemin","Variable","","Dungeon Master's Guide 2024 (BR)","https://www.aidedd.org/magic-item/fr/parchemin-de-sort"
"Parfum envoûtant","Perfume of Bewitching","Objet merveilleux","Courant","","Dungeon Master's Guide 2024","https://www.aidedd.org/magic-item/fr/parfum-envoutant"
"Perche du pêcheur","Pole of Angling","Objet merveilleux","Courant","","Dungeon Master's Guide 2024","https://www.aidedd.org/magic-item/fr/perche-du-pecheur"
"Perche rétractable","Pole of Collapsing","Objet merveilleux","Courant","","Dungeon Master's Guide 2024","https://www.aidedd.org/magic-item/fr/perche-retractable"
"Perle de force","Bead of Force","Objet merveilleux","Rare","","Dungeon Master's Guide 2024 (BR)","https://www.aidedd.org/magic-item/fr/perle-de-force"
"Perle de pouvoir|de thaumaturgie","Pearl of Power","Objet merveilleux","Peu courant","Lien","Dungeon Master's Guide 2024 (BR)","https://www.aidedd.org/magic-item/fr/perle-de-pouvoir-de-thaumaturgie"
"Perle désaltérante","Bead of Refreshment","Objet merveilleux","Courant","","Dungeon Master's Guide 2024","https://www.aidedd.org/magic-item/fr/perle-desalterante"
"Perle nutritive","Bead of Nourishment","Objet merveilleux","Courant","","Dungeon Master's Guide 2024 (BR)","https://www.aidedd.org/magic-item/fr/perle-nutritive"
"Philtre d'amour","Philter of Love","Potion","Peu courant","","Dungeon Master's Guide 2024 (BR)","https://www.aidedd.org/magic-item/fr/philtre-d-amour"
"Pièce des rivaux","Rival Coin","Objet merveilleux","Courant","","Dungeon Master's Guide 2024","https://www.aidedd.org/magic-item/fr/piece-des-rivaux"
"Pierre de contrôle des élémentaires de la terre","Stone of Controlling Earth Elementals","Objet merveilleux","Rare","","Dungeon Master's Guide 2024 (BR)","https://www.aidedd.org/magic-item/fr/pierre-de-controle-des-elementaires-de-la-terre"
"Pierre de Ioun","Ioun Stone","Objet merveilleux","Variable","Lien","Dungeon Master's Guide 2024 (BR)","https://www.aidedd.org/magic-item/fr/pierre-de-ioun"
"Pierre porte-bonheur","Stone of Good Luck (Luckstone)","Objet merveilleux","Peu courant","Lien","Dungeon Master's Guide 2024 (BR)","https://www.aidedd.org/magic-item/fr/pierre-porte-bonheur"
"Pierres messagères","Sending Stones","Objet merveilleux","Peu courant","","Dungeon Master's Guide 2024 (BR)","https://www.aidedd.org/magic-item/fr/pierres-messageres"
"Pigments merveilleux de Nolzur","Nolzur's Marvelous Pigments","Objet merveilleux","Très rare","","Dungeon Master's Guide 2024 (BR)","https://www.aidedd.org/magic-item/fr/pigments-merveilleux-de-nolzur"
"Pipe des monstres de fumée","Pipe of Smoke Monsters","Objet merveilleux","Courant","","Dungeon Master's Guide 2024","https://www.aidedd.org/magic-item/fr/pipe-des-monstres-de-fumee"
"Planche de spiritisme","Spirit Board","Objet merveilleux","Très rare","","Dungeon Master's Guide 2024","https://www.aidedd.org/magic-item/fr/planche-de-spiritisme"
"Plume de Quaal","Quaal's Feather Token","Objet merveilleux","Variable","","Dungeon Master's Guide 2024 (BR)","https://www.aidedd.org/magic-item/fr/plume-de-quaal"
"Pot d'éveil","Pot of Awakening","Objet merveilleux","Courant","","Dungeon Master's Guide 2024","https://www.aidedd.org/magic-item/fr/pot-d-eveil"
"Potion d'agrandissement","Potion of Growth","Potion","Peu courant","","Dungeon Master's Guide 2024 (BR)","https://www.aidedd.org/magic-item/fr/potion-d-agrandissement"
"Potion d'amitié avec les animaux","Potion of Animal Friendship","Potion","Peu courant","","Dungeon Master's Guide 2024 (BR)","https://www.aidedd.org/magic-item/fr/potion-d-amitie-avec-les-animaux"
"Potion d'escalade","Potion of Climbing","Potion","Courant","","Dungeon Master's Guide 2024 (BR)","https://www.aidedd.org/magic-item/fr/potion-d-escalade"
"Potion d'héroïsme","Potion of Heroism","Potion","Rare","","Dungeon Master's Guide 2024 (BR)","https://www.aidedd.org/magic-item/fr/potion-d-heroisme"
"Potion d'invisibilité","Potion of Invisibility","Potion","Rare","","Dungeon Master's Guide 2024 (BR)","https://www.aidedd.org/magic-item/fr/potion-d-invisibilite"
"Potion d'invisibilité suprême","Potion of Greater Invisibility","Potion","Très rare","","Dungeon Master's Guide 2024","https://www.aidedd.org/magic-item/fr/potion-d-invisibilite-supreme"
"Potion d'invulnérabilité","Potion of Invulnerability","Potion","Rare","","Dungeon Master's Guide 2024 (BR)","https://www.aidedd.org/magic-item/fr/potion-d-invulnerabilite"
"Potion de clairvoyance","Potion of Clairvoyance","Potion","Rare","","Dungeon Master's Guide 2024 (BR)","https://www.aidedd.org/magic-item/fr/potion-de-clairvoyance"
"Potion de compréhension","Potion of Comprehension","Potion","Courant","","Dungeon Master's Guide 2024","https://www.aidedd.org/magic-item/fr/potion-de-comprehension"
"Potion de diminution","Potion of Diminution","Potion","Rare","","Dungeon Master's Guide 2024 (BR)","https://www.aidedd.org/magic-item/fr/potion-de-diminution"
"Potion de force de géant","Potion of Giant Strength","Potion","Variable","","Dungeon Master's Guide 2024 (BR)","https://www.aidedd.org/magic-item/fr/potion-de-force-de-geant"
"Potion de forme gazeuse","Potion of Gaseous Form","Potion","Rare","","Dungeon Master's Guide 2024 (BR)","https://www.aidedd.org/magic-item/fr/potion-de-forme-gazeuse"
"Potion de lecture des pensées","Potion of Mind Reading","Potion","Rare","","Dungeon Master's Guide 2024 (BR)","https://www.aidedd.org/magic-item/fr/potion-de-lecture-des-pensees"
"Potion de poison|Potion toxique","Potion of Poison","Potion","Peu courant","","Dungeon Master's Guide 2024 (BR)","https://www.aidedd.org/magic-item/fr/potion-de-poison-potion-toxique"
"Potion de résistance","Potion of Resistance","Potion","Peu courant","","Dungeon Master's Guide 2024 (BR)","https://www.aidedd.org/magic-item/fr/potion-de-resistance"
"Potion de respiration aquatique","Potion of Water Breathing","Potion","Peu courant","","Dungeon Master's Guide 2024 (BR)","https://www.aidedd.org/magic-item/fr/potion-de-respiration-aquatique"
"Potion de souffle enflammé","Potion of Fire Breath","Potion","Peu courant","","Dungeon Master's Guide 2024","https://www.aidedd.org/magic-item/fr/potion-de-souffle-enflamme"
"Potion de vitalité","Potion of Vitality","Potion","Très rare","","Dungeon Master's Guide 2024 (BR)","https://www.aidedd.org/magic-item/fr/potion-de-vitalite"
"Potion de vitesse","Potion of Speed","Potion","Très rare","","Dungeon Master's Guide 2024 (BR)","https://www.aidedd.org/magic-item/fr/potion-de-vitesse"
"Potion de vol","Potion of Flying","Potion","Très rare","","Dungeon Master's Guide 2024 (BR)","https://www.aidedd.org/magic-item/fr/potion-de-vol"
"Potion des pugilistes","Potion of Pugilism","Potion","Peu courant","","Dungeon Master's Guide 2024","https://www.aidedd.org/magic-item/fr/potion-des-pugilistes"
"Potions de guérison","Potions of Healing","Potion","Variable","","Dungeon Master's Guide 2024 (BR)","https://www.aidedd.org/magic-item/fr/potions-de-guerison"
"Poudre à éternuer","Dust of Sneezing and Choking","Objet merveilleux","Peu courant","","Dungeon Master's Guide 2024 (BR)","https://www.aidedd.org/magic-item/fr/poudre-a-eternuer"
"Poudre dessiccative","Dust of Dryness","Objet merveilleux","Peu courant","","Dungeon Master's Guide 2024 (BR)","https://www.aidedd.org/magic-item/fr/poudre-dessiccative"
"Poupée qui parle","Talking Doll","Objet merveilleux","Courant","Lien","Dungeon Master's Guide 2024","https://www.aidedd.org/magic-item/fr/poupee-qui-parle"
"Poussière de disparition","Dust of Disappearance","Objet merveilleux","Peu courant","","Dungeon Master's Guide 2024 (BR)","https://www.aidedd.org/magic-item/fr/poussiere-de-disparition"
"Projectile +1, +2 ou +3","Ammunition, +1, +2, or +3","Arme","Peu courant (+1), rare (+2) ou très rare (+3)","","Dungeon Master's Guide 2024 (BR)","https://www.aidedd.org/magic-item/fr/projectile-1-2-ou-3"
"Projectile percutant","Walloping Ammunition","Arme","Courant","","Dungeon Master's Guide 2024","https://www.aidedd.org/magic-item/fr/projectile-percutant"
"Projectile tueur","Ammunition of Slaying","Arme","Très rare","","Dungeon Master's Guide 2024 (BR)","https://www.aidedd.org/magic-item/fr/projectile-tueur"
"Puits des mondes","Well of Many Worlds","Objet merveilleux","Légendaire","","Dungeon Master's Guide 2024 (BR)","https://www.aidedd.org/magic-item/fr/puits-des-mondes"
"Puits portable","Portable Hole","Objet merveilleux","Rare","","Dungeon Master's Guide 2024 (BR)","https://www.aidedd.org/magic-item/fr/puits-portable"
"Regard charmeur","Eyes of Charming","Objet merveilleux","Peu courant","Lien","Dungeon Master's Guide 2024 (BR)","https://www.aidedd.org/magic-item/fr/regard-charmeur"
"Robe aux étoiles","Robe of Stars","Objet merveilleux","Très rare","Lien","Dungeon Master's Guide 2024 (BR)","https://www.aidedd.org/magic-item/fr/robe-aux-etoiles"
"Robe de l'archimage","Robe of the Archmagi","Objet merveilleux","Légendaire","Lien","Dungeon Master's Guide 2024 (BR)","https://www.aidedd.org/magic-item/fr/robe-de-l-archimage"
"Robe de vision totale","Robe of Eyes","Objet merveilleux","Rare","Lien","Dungeon Master's Guide 2024 (BR)","https://www.aidedd.org/magic-item/fr/robe-de-vision-totale"
"Robe du camelot","Robe of Useful Items","Objet merveilleux","Peu courant","","Dungeon Master's Guide 2024 (BR)","https://www.aidedd.org/magic-item/fr/robe-du-camelot"
"Robe prismatique","Robe of Scintillating Colors","Objet merveilleux","Très rare","Lien","Dungeon Master's Guide 2024 (BR)","https://www.aidedd.org/magic-item/fr/robe-prismatique"
"Rubis du mage de guerre","Ruby of the War Mage","Objet merveilleux","Courant","Lien","Dungeon Master's Guide 2024","https://www.aidedd.org/magic-item/fr/rubis-du-mage-de-guerre"
"Sac à malices","Bag of Tricks","Objet merveilleux","Peu courant","","Dungeon Master's Guide 2024 (BR)","https://www.aidedd.org/magic-item/fr/sac-a-malices"
"Sac de haricots magiques","Bag of Beans","Objet merveilleux","Rare","","Dungeon Master's Guide 2024 (BR)","https://www.aidedd.org/magic-item/fr/sac-de-haricots-magiques"
"Sac dévoreur","Bag of Devouring","Objet merveilleux","Très rare","","Dungeon Master's Guide 2024 (BR)","https://www.aidedd.org/magic-item/fr/sac-devoreur"
"Sac sans fond","Bag of Holding","Objet merveilleux","Peu courant","","Dungeon Master's Guide 2024 (BR)","https://www.aidedd.org/magic-item/fr/sac-sans-fond"
"Scarabée de protection","Scarab of Protection","Objet merveilleux","Légendaire","Lien","Dungeon Master's Guide 2024 (BR)","https://www.aidedd.org/magic-item/fr/scarabee-de-protection"
"Sceptre d'absorption","Rod of Absorption","Sceptre","Très rare","Lien","Dungeon Master's Guide 2024 (BR)","https://www.aidedd.org/magic-item/fr/sceptre-d-absorption"
"Sceptre de puissance seigneuriale","Rod of Lordly Might","Sceptre","Légendaire","Lien","Dungeon Master's Guide 2024 (BR)","https://www.aidedd.org/magic-item/fr/sceptre-de-puissance-seigneuriale"
"Sceptre de résurrection","Rod of Resurrection","Sceptre","Légendaire","Lien","Dungeon Master's Guide 2024 (BR)","https://www.aidedd.org/magic-item/fr/sceptre-de-resurrection"
"Sceptre de sécurité","Rod of Security","Sceptre","Très rare","","Dungeon Master's Guide 2024 (BR)","https://www.aidedd.org/magic-item/fr/sceptre-de-securite"
"Sceptre de suzeraineté","Rod of Rulership","Sceptre","Rare","Lien","Dungeon Master's Guide 2024 (BR)","https://www.aidedd.org/magic-item/fr/sceptre-de-suzerainete"
"Sceptre de vigilance","Rod of Alertness","Sceptre","Très rare","Lien","Dungeon Master's Guide 2024 (BR)","https://www.aidedd.org/magic-item/fr/sceptre-de-vigilance"
"Sceptre du gardien des pactes","Rod of the Pact Keeper","Sceptre","Peu courant (+1), rare (+2) ou très rare (+3)","Lien","Dungeon Master's Guide 2024","https://www.aidedd.org/magic-item/fr/sceptre-du-gardien-des-pactes"
"Sceptre inamovible","Immovable Rod","Sceptre","Peu courant","","Dungeon Master's Guide 2024 (BR)","https://www.aidedd.org/magic-item/fr/sceptre-inamovible"
"Sceptre-tentacule","Tentacle Rod","Sceptre","Rare","Lien","Dungeon Master's Guide 2024","https://www.aidedd.org/magic-item/fr/sceptre-tentacule"
"Selle du cavalier|du hussard","Saddle of the Cavalier","Objet merveilleux","Peu courant","","Dungeon Master's Guide 2024","https://www.aidedd.org/magic-item/fr/selle-du-cavalier-du-hussard"
"Serre sylvestre","Sylvan Talon","Arme","Courant","Lien","Dungeon Master's Guide 2024","https://www.aidedd.org/magic-item/fr/serre-sylvestre"
"Solvant universel","Universal Solvent","Objet merveilleux","Légendaire","","Dungeon Master's Guide 2024 (BR)","https://www.aidedd.org/magic-item/fr/solvant-universel"
"Sphère d'annihilation","Sphere of Annihilation","Objet merveilleux","Légendaire","","Dungeon Master's Guide 2024 (BR)","https://www.aidedd.org/magic-item/fr/sphere-d-annihilation"
"Submersible de Kwalish","Apparatus of Kwalish","Objet merveilleux","Légendaire","","Dungeon Master's Guide 2024 (BR)","https://www.aidedd.org/magic-item/fr/submersible-de-kwalish"
"Talisman de la sphère","Talisman of the Sphere","Objet merveilleux","Légendaire","Lien","Dungeon Master's Guide 2024 (BR)","https://www.aidedd.org/magic-item/fr/talisman-de-la-sphere"
"Talisman du bien ultime","Talisman of Pure Good","Objet merveilleux","Légendaire","Lien","Dungeon Master's Guide 2024 (BR)","https://www.aidedd.org/magic-item/fr/talisman-du-bien-ultime"
"Talisman du mal absolu","Talisman of Ultimate Evil","Objet merveilleux","Légendaire","Lien","Dungeon Master's Guide 2024 (BR)","https://www.aidedd.org/magic-item/fr/talisman-du-mal-absolu"
"Tapis volant","Carpet of Flying","Objet merveilleux","Très rare","","Dungeon Master's Guide 2024 (BR)","https://www.aidedd.org/magic-item/fr/tapis-volant"
"Tome de la langue nouée","Tome of the Stilled Tongue","Objet merveilleux","Légendaire","Lien","Dungeon Master's Guide 2024","https://www.aidedd.org/magic-item/fr/tome-de-la-langue-nouee"
"Traité d'autorité et d'influence","Tome of Leadership and Influence","Objet merveilleux","Très rare","","Dungeon Master's Guide 2024 (BR)","https://www.aidedd.org/magic-item/fr/traite-d-autorite-et-d-influence"
"Traité de compréhension","Tome of Understanding","Objet merveilleux","Très rare","","Dungeon Master's Guide 2024 (BR)","https://www.aidedd.org/magic-item/fr/traite-de-comprehension"
"Traité de perspicacité","Tome of Clear Thought","Objet merveilleux","Très rare","","Dungeon Master's Guide 2024 (BR)","https://www.aidedd.org/magic-item/fr/traite-de-perspicacite"
"Trident de domination aquatique","Trident of Fish Command","Arme","Peu courant","Lien","Dungeon Master's Guide 2024 (BR)","https://www.aidedd.org/magic-item/fr/trident-de-domination-aquatique"
"Tueuse de dragons","Dragon Slayer","Arme","Rare","","Dungeon Master's Guide 2024 (BR)","https://www.aidedd.org/magic-item/fr/tueuse-de-dragons"
"Tueuse de géants","Giant Slayer","Arme","Rare","","Dungeon Master's Guide 2024 (BR)","https://www.aidedd.org/magic-item/fr/tueuse-de-geants"
"Urne fumigène","Eversmoking Bottle","Objet merveilleux","Peu courant","","Dungeon Master's Guide 2024 (BR)","https://www.aidedd.org/magic-item/fr/urne-fumigene"
"Vague","Wave","Arme","Artéfact","Lien","Dungeon Master's Guide 2024","https://www.aidedd.org/magic-item/fr/vague"
"Vengeresse sacrée","Holy Avenger","Arme","Légendaire","Lien","Dungeon Master's Guide 2024 (BR)","https://www.aidedd.org/magic-item/fr/vengeresse-sacree"
"Voleuse de vie","Nine Lives Stealer","Arme","Très rare","Lien","Dungeon Master's Guide 2024 (BR)","https://www.aidedd.org/magic-item/fr/voleuse-de-vie"
"Yeux de lynx","Eyes of the Eagle","Objet merveilleux","Peu courant","","Dungeon Master's Guide 2024 (BR)","https://www.aidedd.org/magic-item/fr/yeux-de-lynx"
