Sort;VO;Niv;École;Incantation;Portée;Durée;V,S,M;Concentration;Rituel;Source;Barde;Clerc;Druide;Paladin;Rôdeur;Ensorceleur;Occultiste;Magicien;Lien_Description
Agrandissement/rapetissement;Enlarge/Reduce;2;Transmutation;Action;9 m;1 minute;V,S,M;Concentration;;Player's Handbook 2024 (BR);Oui;Non;Oui;Non;Non;Oui;Non;Oui;https://www.aidedd.org/spell/fr/agrandissement-rapetissement
Aide;Aid;2;Abjuration;Action;9 m;8 heures;V,S,M;;;Player's Handbook 2024 (BR);Oui;Oui;Oui;Oui;Oui;Non;Non;Non;https://www.aidedd.org/spell/fr/aide
Alarme;Alarm;1;Abjuration;1 minute ou Rituel;9 m;8 heures;V,S,M;;Rituel;Player's Handbook 2024 (BR);Non;Non;Non;Non;Oui;Non;Non;Oui;https://www.aidedd.org/spell/fr/alarme
Aliénation;Befuddlement;8;Enchantement;Action;45 m;Instantanée;V,S,M;;;Player's Handbook 2024 (BR);Oui;Non;Oui;Non;Non;Non;Oui;Oui;https://www.aidedd.org/spell/fr/alienation
Allié planaire;Planar Ally;6;Invocation;10 minutes;18 m;Instantanée;V,S;;;Player's Handbook 2024 (BR);Non;Oui;Non;Non;Non;Non;Non;Non;https://www.aidedd.org/spell/fr/allie-planaire
Amélioration de caractéristique;Enhance Ability;2;Transmutation;Action;Contact;1 heure;V,S,M;Concentration;;Player's Handbook 2024 (BR);Oui;Oui;Oui;Non;Oui;Oui;Non;Oui;https://www.aidedd.org/spell/fr/amelioration-de-caracteristique
Amis|Faux amis;Friends;0;Enchantement;Action;3 m;1 minute;S,M;Concentration;;Player's Handbook 2024;Oui;Non;Non;Non;Non;Oui;Oui;Oui;https://www.aidedd.org/spell/fr/amis-faux-amis
Amitié avec les animaux;Animal Friendship;1;Enchantement;Action;9 m;24 heures;V,S,M;;;Player's Handbook 2024 (BR);Oui;Non;Oui;Non;Oui;Non;Non;Non;https://www.aidedd.org/spell/fr/amitie-avec-les-animaux
Animation des morts;Animate Dead;3;Nécromancie;1 minute;3 m;Instantanée;V,S,M;;;Player's Handbook 2024 (BR);Non;Oui;Non;Non;Non;Non;Non;Oui;https://www.aidedd.org/spell/fr/animation-des-morts
Animation des objets;Animate Objects;5;Transmutation;Action;36 m;1 minute;V,S;Concentration;;Player's Handbook 2024 (BR);Oui;Non;Non;Non;Non;Oui;Non;Oui;https://www.aidedd.org/spell/fr/animation-des-objets
Antidétection;Nondetection;3;Abjuration;Action;Contact;8 heures;V,S,M;;;Player's Handbook 2024 (BR);Oui;Non;Non;Non;Oui;Non;Non;Oui;https://www.aidedd.org/spell/fr/antidetection
Apaisement des émotions;Calm Emotions;2;Enchantement;Action;18 m;1 minute;V,S;Concentration;;Player's Handbook 2024 (BR);Oui;Oui;Non;Non;Non;Non;Non;Non;https://www.aidedd.org/spell/fr/apaisement-des-emotions
Apparence trompeuse;Seeming;5;Illusion;Action;9 m;8 heures;V,S;;;Player's Handbook 2024 (BR);Oui;Non;Non;Non;Non;Oui;Non;Oui;https://www.aidedd.org/spell/fr/apparence-trompeuse
Appel de destrier;Find Steed;2;Invocation;Action;9 m;Instantanée;V,S;;;Player's Handbook 2024 (BR);Non;Non;Non;Oui;Non;Non;Non;Non;https://www.aidedd.org/spell/fr/appel-de-destrier
Appel de familier;Find Familiar;1;Invocation;1 heure ou Rituel;3 m;Instantanée;V,S,M;;Rituel;Player's Handbook 2024 (BR);Non;Non;Non;Non;Non;Non;Non;Oui;https://www.aidedd.org/spell/fr/appel-de-familier
Appel de la foudre;Call Lightning;3;Invocation;Action;36 m;10 minutes;V,S;Concentration;;Player's Handbook 2024 (BR);Non;Non;Oui;Non;Non;Non;Non;Non;https://www.aidedd.org/spell/fr/appel-de-la-foudre
Arme élémentaire;Elemental Weapon;3;Transmutation;Action;Contact;1 heure;V,S;Concentration;;Player's Handbook 2024;Non;Non;Oui;Oui;Oui;Non;Non;Non;https://www.aidedd.org/spell/fr/arme-elementaire
Arme magique;Magic Weapon;2;Transmutation;Action bonus;Contact;1 heure;V,S;;;Player's Handbook 2024 (BR);Non;Non;Non;Oui;Oui;Oui;Non;Oui;https://www.aidedd.org/spell/fr/arme-magique
Arme spirituelle;Spiritual Weapon;2;Évocation;Action bonus;18 m;1 minute;V,S;Concentration;;Player's Handbook 2024 (BR);Non;Oui;Non;Non;Non;Non;Non;Non;https://www.aidedd.org/spell/fr/arme-spirituelle
Armure d'Agathys;Armor of Agathys;1;Abjuration;Action bonus;Perso;1 heure;V,S,M;;;Player's Handbook 2024;Non;Non;Non;Non;Non;Non;Oui;Non;https://www.aidedd.org/spell/fr/armure-d-agathys
Armure de mage;Mage Armor;1;Abjuration;Action;Contact;8 heures;V,S,M;;;Player's Handbook 2024 (BR);Non;Non;Non;Non;Non;Oui;Non;Oui;https://www.aidedd.org/spell/fr/armure-de-mage
Arrêt du temps;Time Stop;9;Transmutation;Action;Perso;Instantanée;V;;;Player's Handbook 2024 (BR);Non;Non;Non;Non;Non;Oui;Non;Oui;https://www.aidedd.org/spell/fr/arret-du-temps
Aspersion d'acide;Acid Splash;0;Évocation;Action;18 m;Instantanée;V,S;;;Player's Handbook 2024 (BR);Non;Non;Non;Non;Non;Oui;Non;Oui;https://www.aidedd.org/spell/fr/aspersion-d-acide
Assassin imaginaire;Phantasmal Killer;4;Illusion;Action;36 m;1 minute;V,S;Concentration;;Player's Handbook 2024 (BR);Oui;Non;Non;Non;Non;Non;Non;Oui;https://www.aidedd.org/spell/fr/assassin-imaginaire
Assistance;Guidance;0;Divination;Action;Contact;1 minute;V,S;Concentration;;Player's Handbook 2024 (BR);Non;Oui;Oui;Non;Non;Non;Non;Non;https://www.aidedd.org/spell/fr/assistance
Augure;Augury;2;Divination;1 minute ou Rituel;Perso;Instantanée;V,S,M;;Rituel;Player's Handbook 2024 (BR);Non;Oui;Oui;Non;Non;Non;Non;Oui;https://www.aidedd.org/spell/fr/augure
Aura de pureté;Aura of Purity;4;Abjuration;Action;Perso;10 minutes;V;Concentration;;Player's Handbook 2024;Non;Oui;Non;Oui;Non;Non;Non;Non;https://www.aidedd.org/spell/fr/aura-de-purete
Aura de vie;Aura of Life;4;Abjuration;Action;Perso;10 minutes;V;Concentration;;Player's Handbook 2024 (BR);Non;Oui;Non;Oui;Non;Non;Non;Non;https://www.aidedd.org/spell/fr/aura-de-vie
Aura de vitalité;Aura of Vitality;3;Abjuration;Action;Perso;1 minute;V;Concentration;;Player's Handbook 2024;Non;Oui;Oui;Oui;Non;Non;Non;Non;https://www.aidedd.org/spell/fr/aura-de-vitalite
Aura du croisé;Crusader's Mantle;3;Évocation;Action;Perso;1 minute;V;Concentration;;Player's Handbook 2024;Non;Non;Non;Oui;Non;Non;Non;Non;https://www.aidedd.org/spell/fr/aura-du-croise
Aura magique de Nystul;Nystul's Magic Aura;2;Illusion;Action;Contact;24 heures;V,S,M;;;Player's Handbook 2024 (BR);Non;Non;Non;Non;Non;Non;Non;Oui;https://www.aidedd.org/spell/fr/aura-magique-de-nystul
Aura sacrée;Holy Aura;8;Abjuration;Action;Perso;1 minute;V,S,M;Concentration;;Player's Handbook 2024 (BR);Non;Oui;Non;Non;Non;Non;Non;Non;https://www.aidedd.org/spell/fr/aura-sacree
Aversion/attirance;Antipathy/Sympathy;8;Enchantement;1 heure;18 m;10 jours;V,S,M;;;Player's Handbook 2024 (BR);Oui;Non;Oui;Non;Non;Non;Non;Oui;https://www.aidedd.org/spell/fr/aversion-attirance
Bagou;Glibness;8;Enchantement;Action;Perso;1 heure;V;;;Player's Handbook 2024 (BR);Oui;Non;Non;Non;Non;Non;Oui;Non;https://www.aidedd.org/spell/fr/bagou
Baies nourricières;Goodberry;1;Invocation;Action;Perso;24 heures;V,S,M;;;Player's Handbook 2024 (BR);Non;Non;Oui;Non;Oui;Non;Non;Non;https://www.aidedd.org/spell/fr/baies-nourricieres
Bannissement;Banishment;4;Abjuration;Action;9 m;1 minute;V,S,M;Concentration;;Player's Handbook 2024 (BR);Non;Oui;Non;Oui;Non;Oui;Oui;Oui;https://www.aidedd.org/spell/fr/bannissement
Barrière de lames;Blade Barrier;6;Évocation;Action;27 m;10 minutes;V,S;Concentration;;Player's Handbook 2024 (BR);Non;Oui;Non;Non;Non;Non;Non;Non;https://www.aidedd.org/spell/fr/barriere-de-lames
Bénédiction;Bless;1;Enchantement;Action;9 m;1 minute;V,S,M;Concentration;;Player's Handbook 2024 (BR);Non;Oui;Non;Oui;Non;Non;Non;Non;https://www.aidedd.org/spell/fr/benediction
Blessure;Inflict Wounds;1;Nécromancie;Action;Contact;Instantanée;V,S;;;Player's Handbook 2024 (BR);Non;Oui;Non;Non;Non;Non;Non;Non;https://www.aidedd.org/spell/fr/blessure
Bouche magique;Magic Mouth;2;Illusion;1 minute ou Rituel;9 m;Dissipation;V,S,M;;Rituel;Player's Handbook 2024 (BR);Oui;Non;Non;Non;Non;Non;Non;Oui;https://www.aidedd.org/spell/fr/bouche-magique
Bouclier;Shield;1;Abjuration;Réaction;Perso;1 round;V,S;;;Player's Handbook 2024 (BR);Non;Non;Non;Non;Non;Oui;Non;Oui;https://www.aidedd.org/spell/fr/bouclier
Bouclier de feu;Fire Shield;4;Évocation;Action;Perso;10 minutes;V,S,M;;;Player's Handbook 2024 (BR);Non;Non;Oui;Non;Non;Oui;Non;Oui;https://www.aidedd.org/spell/fr/bouclier-de-feu
Bouclier de la foi;Shield of Faith;1;Abjuration;Action bonus;18 m;10 minutes;V,S,M;Concentration;;Player's Handbook 2024 (BR);Non;Oui;Non;Oui;Non;Non;Non;Non;https://www.aidedd.org/spell/fr/bouclier-de-la-foi
Bouffée de poison;Poison Spray;0;Nécromancie;Action;9 m;Instantanée;V,S;;;Player's Handbook 2024 (BR);Non;Non;Oui;Non;Non;Oui;Oui;Oui;https://www.aidedd.org/spell/fr/bouffee-de-poison
Boule de feu;Fireball;3;Évocation;Action;45 m;Instantanée;V,S,M;;;Player's Handbook 2024 (BR);Non;Non;Non;Non;Non;Oui;Non;Oui;https://www.aidedd.org/spell/fr/boule-de-feu
Boule de feu à retardement;Delayed Blast Fireball;7;Évocation;Action;45 m;1 minute;V,S,M;Concentration;;Player's Handbook 2024 (BR);Non;Non;Non;Non;Non;Oui;Non;Oui;https://www.aidedd.org/spell/fr/boule-de-feu-a-retardement
Bourrasque;Gust of Wind;2;Évocation;Action;Perso;1 minute;V,S,M;Concentration;;Player's Handbook 2024 (BR);Non;Non;Oui;Non;Oui;Oui;Non;Oui;https://www.aidedd.org/spell/fr/bourrasque
Brume mortelle;Cloudkill;5;Invocation;Action;36 m;10 minutes;V,S;Concentration;;Player's Handbook 2024 (BR);Non;Non;Non;Non;Non;Oui;Non;Oui;https://www.aidedd.org/spell/fr/brume-mortelle
Cage de force;Forcecage;7;Évocation;Action;30 m;1 heure;V,S,M;Concentration;;Player's Handbook 2024 (BR);Oui;Non;Non;Non;Non;Non;Oui;Oui;https://www.aidedd.org/spell/fr/cage-de-force
Caresse du vampire;Vampiric Touch;3;Nécromancie;Action;Perso;1 minute;V,S;Concentration;;Player's Handbook 2024 (BR);Non;Non;Non;Non;Non;Oui;Oui;Oui;https://www.aidedd.org/spell/fr/caresse-du-vampire
Cécité/surdité;Blindness/Deafness;2;Transmutation;Action;36 m;1 minute;V;;;Player's Handbook 2024 (BR);Oui;Oui;Non;Non;Non;Oui;Non;Oui;https://www.aidedd.org/spell/fr/cecite-surdite
Cercle de mort;Circle of Death;6;Nécromancie;Action;45 m;Instantanée;V,S,M;;;Player's Handbook 2024 (BR);Non;Non;Non;Non;Non;Oui;Oui;Oui;https://www.aidedd.org/spell/fr/cercle-de-mort
Cercle de pouvoir;Circle of Power;5;Abjuration;Action;Perso;10 minutes;V;Concentration;;Player's Handbook 2024;Non;Oui;Non;Oui;Non;Non;Non;Oui;https://www.aidedd.org/spell/fr/cercle-de-pouvoir
Cercle de téléportation;Teleportation Circle;5;Invocation;1 minute;3 m;1 round;V,M;;;Player's Handbook 2024 (BR);Oui;Non;Non;Non;Non;Oui;Oui;Oui;https://www.aidedd.org/spell/fr/cercle-de-teleportation
Cercle magique;Magic Circle;3;Abjuration;1 minute;3 m;1 heure;V,S,M;;;Player's Handbook 2024 (BR);Non;Oui;Non;Oui;Non;Non;Oui;Oui;https://www.aidedd.org/spell/fr/cercle-magique
Chaîne d'éclairs;Chain Lightning;6;Évocation;Action;45 m;Instantanée;V,S,M;;;Player's Handbook 2024 (BR);Non;Non;Non;Non;Non;Oui;Non;Oui;https://www.aidedd.org/spell/fr/chaine-d-eclairs
Champ antimagie;Antimagic Field;8;Abjuration;Action;Perso;1 heure;V,S,M;Concentration;;Player's Handbook 2024 (BR);Non;Oui;Non;Non;Non;Non;Non;Oui;https://www.aidedd.org/spell/fr/champ-antimagie
Changement de forme;Shapechange;9;Transmutation;Action;Perso;1 heure;V,S,M;Concentration;;Player's Handbook 2024 (BR);Non;Non;Oui;Non;Non;Non;Non;Oui;https://www.aidedd.org/spell/fr/changement-de-forme
Changement de plan;Plane Shift;7;Invocation;Action;Contact;Instantanée;V,S,M;;;Player's Handbook 2024 (BR);Non;Oui;Oui;Non;Non;Oui;Oui;Oui;https://www.aidedd.org/spell/fr/changement-de-plan
Charme-monstre;Charm Monster;4;Enchantement;Action;9 m;1 heure;V,S;;;Player's Handbook 2024 (BR);Oui;Non;Oui;Non;Non;Oui;Oui;Oui;https://www.aidedd.org/spell/fr/charme-monstre
Charme-personne;Charm Person;1;Enchantement;Action;9 m;1 heure;V,S;;;Player's Handbook 2024 (BR);Oui;Non;Oui;Non;Non;Oui;Oui;Oui;https://www.aidedd.org/spell/fr/charme-personne
Châtiment de cécité;Blinding Smite;3;Évocation;Action bonus;Perso;1 minute;V;;;Player's Handbook 2024;Non;Non;Non;Oui;Non;Non;Non;Non;https://www.aidedd.org/spell/fr/chatiment-de-cecite
Châtiment de courroux;Wrathful Smite;1;Nécromancie;Action bonus;Perso;1 minute;V;;;Player's Handbook 2024;Non;Non;Non;Oui;Non;Non;Non;Non;https://www.aidedd.org/spell/fr/chatiment-de-courroux
Châtiment de fournaise;Searing Smite;1;Évocation;Action bonus;Perso;1 minute;V;;;Player's Handbook 2024 (BR);Non;Non;Non;Oui;Non;Non;Non;Non;https://www.aidedd.org/spell/fr/chatiment-de-fournaise
Châtiment de révélation;Shining Smite;2;Transmutation;Action bonus;Perso;1 minute;V;Concentration;;Player's Handbook 2024 (BR);Non;Non;Non;Oui;Non;Non;Non;Non;https://www.aidedd.org/spell/fr/chatiment-de-revelation
Châtiment de stupeur;Staggering Smite;4;Enchantement;Action bonus;Perso;Instantanée;V;;;Player's Handbook 2024;Non;Non;Non;Oui;Non;Non;Non;Non;https://www.aidedd.org/spell/fr/chatiment-de-stupeur
Châtiment de tonnerre;Thunderous Smite;1;Évocation;Action bonus;Perso;Instantanée;V;;;Player's Handbook 2024;Non;Non;Non;Oui;Non;Non;Non;Non;https://www.aidedd.org/spell/fr/chatiment-de-tonnerre
Châtiment divin;Divine Smite;1;Évocation;Action bonus;Perso;Instantanée;V;;;Player's Handbook 2024 (BR);Non;Non;Non;Oui;Non;Non;Non;Non;https://www.aidedd.org/spell/fr/chatiment-divin
Châtiment du ban;Banishing Smite;5;Invocation;Action bonus;Perso;1 minute;V;Concentration;;Player's Handbook 2024;Non;Non;Non;Oui;Non;Non;Non;Non;https://www.aidedd.org/spell/fr/chatiment-du-ban
Chaudron bouillonnant de Tasha;Tasha's Bubbling Cauldron;6;Invocation;Action;1,50 m;10 minutes;V,S,M;;;Player's Handbook 2024;Non;Non;Non;Non;Non;Non;Oui;Oui;https://www.aidedd.org/spell/fr/chaudron-bouillonnant-de-tasha
Chien de garde de Mordenkainen;Mordenkainen's Faithful Hound;4;Invocation;Action;9 m;8 heures;V,S,M;;;Player's Handbook 2024 (BR);Non;Non;Non;Non;Non;Non;Non;Oui;https://www.aidedd.org/spell/fr/chien-de-garde-de-mordenkainen
Clairvoyance;Clairvoyance;3;Divination;10 minutes;1,5 km;10 minutes;V,S,M;Concentration;;Player's Handbook 2024 (BR);Oui;Oui;Non;Non;Non;Oui;Non;Oui;https://www.aidedd.org/spell/fr/clairvoyance
Clignotement;Blink;3;Transmutation;Action;Perso;1 minute;V,S;;;Player's Handbook 2024 (BR);Non;Non;Non;Non;Non;Oui;Non;Oui;https://www.aidedd.org/spell/fr/clignotement
Clone;Clone;8;Nécromancie;1 heure;Contact;Instantanée;V,S,M;;;Player's Handbook 2024 (BR);Non;Non;Non;Non;Non;Non;Non;Oui;https://www.aidedd.org/spell/fr/clone
Coffre secret de Léomund;Leomund's Secret Chest;4;Invocation;Action;Contact;Instantanée;V,S,M;;;Player's Handbook 2024 (BR);Non;Non;Non;Non;Non;Non;Non;Oui;https://www.aidedd.org/spell/fr/coffre-secret-de-leomund
Colonne de flamme;Flame Strike;5;Évocation;Action;18 m;Instantanée;V,S,M;;;Player's Handbook 2024 (BR);Non;Oui;Non;Non;Non;Non;Non;Non;https://www.aidedd.org/spell/fr/colonne-de-flamme
Communication à distance;Sending;3;Divination;Action;Illimitée;Instantanée;V,S,M;;;Player's Handbook 2024 (BR);Oui;Oui;Non;Non;Non;Non;Non;Oui;https://www.aidedd.org/spell/fr/communication-a-distance
Communication avec les animaux;Speak with Animals;1;Divination;Action ou Rituel;Perso;10 minutes;V,S;;Rituel;Player's Handbook 2024 (BR);Oui;Non;Oui;Non;Oui;Non;Oui;Non;https://www.aidedd.org/spell/fr/communication-avec-les-animaux
Communication avec les morts;Speak with Dead;3;Nécromancie;Action;3 m;10 minutes;V,S,M;;;Player's Handbook 2024 (BR);Oui;Oui;Non;Non;Non;Non;Non;Oui;https://www.aidedd.org/spell/fr/communication-avec-les-morts
Communication avec les plantes;Speak with Plants;3;Transmutation;Action;Perso;10 minutes;V,S;;;Player's Handbook 2024 (BR);Oui;Non;Oui;Non;Oui;Non;Non;Non;https://www.aidedd.org/spell/fr/communication-avec-les-plantes
Communion;Commune;5;Divination;1 minute ou Rituel;Perso;1 minute;V,S,M;;Rituel;Player's Handbook 2024 (BR);Non;Oui;Non;Non;Non;Non;Non;Non;https://www.aidedd.org/spell/fr/communion
Communion avec la nature;Commune with Nature;5;Divination;1 minute ou Rituel;Perso;Instantanée;V,S;;Rituel;Player's Handbook 2024 (BR);Non;Non;Oui;Non;Oui;Non;Non;Non;https://www.aidedd.org/spell/fr/communion-avec-la-nature
Compréhension des langues;Comprehend Languages;1;Divination;Action ou Rituel;Perso;1 heure;V,S,M;;Rituel;Player's Handbook 2024 (BR);Oui;Non;Non;Non;Non;Oui;Oui;Oui;https://www.aidedd.org/spell/fr/comprehension-des-langues
Compulsion;Compulsion;4;Enchantement;Action;9 m;1 minute;V,S;Concentration;;Player's Handbook 2024 (BR);Oui;Non;Non;Non;Non;Non;Non;Non;https://www.aidedd.org/spell/fr/compulsion
Cône de froid;Cone of Cold;5;Évocation;Action;Perso;Instantanée;V,S,M;;;Player's Handbook 2024 (BR);Non;Non;Oui;Non;Non;Oui;Non;Oui;https://www.aidedd.org/spell/fr/cone-de-froid
Confusion;Confusion;4;Enchantement;Action;27 m;1 minute;V,S,M;Concentration;;Player's Handbook 2024 (BR);Oui;Non;Oui;Non;Non;Oui;Non;Oui;https://www.aidedd.org/spell/fr/confusion
Contact avec les plans;Contact Other Plane;5;Divination;1 minute ou Rituel;Perso;1 minute;V;;Rituel;Player's Handbook 2024 (BR);Non;Non;Non;Non;Non;Non;Oui;Oui;https://www.aidedd.org/spell/fr/contact-avec-les-plans
Contact glacial;Chill Touch;0;Nécromancie;Action;Contact;Instantanée;V,S;;;Player's Handbook 2024 (BR);Non;Non;Non;Non;Non;Oui;Oui;Oui;https://www.aidedd.org/spell/fr/contact-glacial
Contagion;Contagion;5;Nécromancie;Action;Contact;7 jours;V,S;;;Player's Handbook 2024 (BR);Non;Oui;Oui;Non;Non;Non;Non;Non;https://www.aidedd.org/spell/fr/contagion
Contamination;Harm;6;Nécromancie;Action;18 m;Instantanée;V,S;;;Player's Handbook 2024 (BR);Non;Oui;Non;Non;Non;Non;Non;Non;https://www.aidedd.org/spell/fr/contamination
Contresort;Counterspell;3;Abjuration;Réaction;18 m;Instantanée;S;;;Player's Handbook 2024 (BR);Non;Non;Non;Non;Non;Oui;Oui;Oui;https://www.aidedd.org/spell/fr/contresort
Contrôle de l'eau;Control Water;4;Transmutation;Action;90 m;10 minutes;V,S,M;Concentration;;Player's Handbook 2024 (BR);Non;Oui;Oui;Non;Non;Non;Non;Oui;https://www.aidedd.org/spell/fr/controle-de-l-eau
Contrôle du climat;Control Weather;8;Transmutation;10 minutes;Perso;8 heures;V,S,M;Concentration;;Player's Handbook 2024 (BR);Non;Oui;Oui;Non;Non;Non;Non;Oui;https://www.aidedd.org/spell/fr/controle-du-climat
Convocation d'aberration;Summon Aberration;4;Invocation;Action;27 m;1 heure;V,S,M;Concentration;;Player's Handbook 2024;Non;Non;Non;Non;Non;Non;Oui;Oui;https://www.aidedd.org/spell/fr/convocation-d-aberration
Convocation d'artificiel;Summon Construct;4;Invocation;Action;27 m;1 heure;V,S,M;Concentration;;Player's Handbook 2024;Non;Non;Non;Non;Non;Non;Non;Oui;https://www.aidedd.org/spell/fr/convocation-d-artificiel
Convocation d'élémentaire;Summon Elemental;4;Invocation;Action;27 m;1 heure;V,S,M;Concentration;;Player's Handbook 2024;Non;Non;Oui;Non;Oui;Non;Non;Oui;https://www.aidedd.org/spell/fr/convocation-d-elementaire
Convocation de bête;Summon Beast;2;Invocation;Action;27 m;1 heure;V,S,M;Concentration;;Player's Handbook 2024;Non;Non;Oui;Non;Oui;Non;Non;Non;https://www.aidedd.org/spell/fr/convocation-de-bete
Convocation de céleste;Summon Celestial;5;Invocation;Action;27 m;1 heure;V,S,M;Concentration;;Player's Handbook 2024;Non;Oui;Non;Oui;Non;Non;Non;Non;https://www.aidedd.org/spell/fr/convocation-de-celeste
Convocation de dragon;Summon Dragon;5;Invocation;Action;18 m;1 heure;V,S,M;Concentration;;Player's Handbook 2024 (BR);Non;Non;Non;Non;Non;Non;Non;Oui;https://www.aidedd.org/spell/fr/convocation-de-dragon
Convocation de fée;Summon Fey;3;Invocation;Action;27 m;1 heure;V,S,M;Concentration;;Player's Handbook 2024;Non;Non;Oui;Non;Oui;Non;Oui;Oui;https://www.aidedd.org/spell/fr/convocation-de-fee
Convocation de fiélon;Summon Fiend;6;Invocation;Action;27 m;1 heure;V,S,M;Concentration;;Player's Handbook 2024;Non;Non;Non;Non;Non;Non;Oui;Oui;https://www.aidedd.org/spell/fr/convocation-de-fielon
Convocation de mort-vivant;Summon Undead;3;Nécromancie;Action;27 m;1 heure;V,S,M;Concentration;;Player's Handbook 2024;Non;Non;Non;Non;Non;Non;Oui;Oui;https://www.aidedd.org/spell/fr/convocation-de-mort-vivant
Convocations instantanées de Drawmij;Drawmij's Instant Summons;6;Invocation;1 minute ou Rituel;Contact;Dissipation;V,S,M;;Rituel;Player's Handbook 2024 (BR);Non;Non;Non;Non;Non;Non;Non;Oui;https://www.aidedd.org/spell/fr/convocations-instantanees-de-drawmij
Coquille antivie;Antilife Shell;5;Abjuration;Action;Perso;1 heure;V,S;Concentration;;Player's Handbook 2024 (BR);Non;Non;Oui;Non;Non;Non;Non;Non;https://www.aidedd.org/spell/fr/coquille-antivie
Corde enchantée;Rope Trick;2;Transmutation;Action;Contact;1 heure;V,S,M;;;Player's Handbook 2024 (BR);Non;Non;Non;Non;Non;Non;Non;Oui;https://www.aidedd.org/spell/fr/corde-enchantee
Cordon de flèches;Cordon of Arrows;2;Transmutation;Action;Contact;8 heures;V,S,M;;;Player's Handbook 2024;Non;Non;Non;Non;Oui;Non;Non;Non;https://www.aidedd.org/spell/fr/cordon-de-fleches
Couleurs dansantes;Color Spray;1;Illusion;Action;Perso;Instantanée;V,S,M;;;Player's Handbook 2024 (BR);Oui;Non;Non;Non;Non;Oui;Non;Oui;https://www.aidedd.org/spell/fr/couleurs-dansantes
Coup au but;True Strike;0;Divination;Action;Perso;Instantanée;S,M;;;Player's Handbook 2024 (BR);Oui;Non;Non;Non;Non;Oui;Oui;Oui;https://www.aidedd.org/spell/fr/coup-au-but
Coup de tonnerre;Thunderclap;0;Évocation;Action;Perso;Instantanée;S;;;Player's Handbook 2024;Oui;Non;Oui;Non;Non;Oui;Oui;Oui;https://www.aidedd.org/spell/fr/coup-de-tonnerre
Couronne du dément;Crown of Madness;2;Enchantement;Action;36 m;1 minute;V,S;Concentration;;Player's Handbook 2024;Oui;Non;Non;Non;Non;Oui;Oui;Oui;https://www.aidedd.org/spell/fr/couronne-du-dement
Couteau de glace;Ice Knife;1;Invocation;Action;18 m;Instantanée;S,M;;;Player's Handbook 2024 (BR);Non;Non;Oui;Non;Non;Oui;Non;Oui;https://www.aidedd.org/spell/fr/couteau-de-glace
Création;Creation;5;Illusion;1 minute;9 m;Spéciale;V,S,M;;;Player's Handbook 2024 (BR);Non;Non;Non;Non;Non;Oui;Non;Oui;https://www.aidedd.org/spell/fr/creation
Création de mort-vivant;Create Undead;6;Nécromancie;1 minute;3 m;Instantanée;V,S,M;;;Player's Handbook 2024 (BR);Non;Oui;Non;Non;Non;Non;Oui;Oui;https://www.aidedd.org/spell/fr/creation-de-mort-vivant
Création de nourriture et d'eau;Create Food and Water;3;Invocation;Action;9 m;Instantanée;V,S;;;Player's Handbook 2024 (BR);Non;Oui;Non;Oui;Non;Non;Non;Non;https://www.aidedd.org/spell/fr/creation-de-nourriture-et-d-eau
Création ou destruction d'eau;Create or Destroy Water;1;Transmutation;Action;9 m;Instantanée;V,S,M;;;Player's Handbook 2024 (BR);Non;Oui;Oui;Non;Non;Non;Non;Non;https://www.aidedd.org/spell/fr/creation-ou-destruction-d-eau
Croissance d'épines;Spike Growth;2;Transmutation;Action;45 m;10 minutes;V,S,M;Concentration;;Player's Handbook 2024 (BR);Non;Non;Oui;Non;Oui;Non;Non;Non;https://www.aidedd.org/spell/fr/croissance-d-epines
Croissance végétale;Plant Growth;3;Transmutation;Action (embroussaillement) ou 8 heures (fertilisation);45 m;Instantanée;V,S;;;Player's Handbook 2024 (BR);Oui;Non;Oui;Non;Oui;Non;Non;Non;https://www.aidedd.org/spell/fr/croissance-vegetale
Crosse des druides;Shillelagh;0;Transmutation;Action bonus;Perso;1 minute;V,S,M;;;Player's Handbook 2024 (BR);Non;Non;Oui;Non;Non;Non;Non;Non;https://www.aidedd.org/spell/fr/crosse-des-druides
Danse irrésistible d'Otto;Otto's Irresistible Dance;6;Enchantement;Action;9 m;1 minute;V;Concentration;;Player's Handbook 2024 (BR);Oui;Non;Non;Non;Non;Non;Non;Oui;https://www.aidedd.org/spell/fr/danse-irresistible-d-otto
Déblocage;Knock;2;Transmutation;Action;18 m;Instantanée;V;;;Player's Handbook 2024 (BR);Oui;Non;Non;Non;Non;Oui;Non;Oui;https://www.aidedd.org/spell/fr/deblocage
Décharge occulte;Eldritch Blast;0;Évocation;Action;36 m;Instantanée;V,S;;;Player's Handbook 2024 (BR);Non;Non;Non;Non;Non;Non;Oui;Non;https://www.aidedd.org/spell/fr/decharge-occulte
Dédale;Maze;8;Invocation;Action;18 m;10 minutes;V,S;Concentration;;Player's Handbook 2024 (BR);Non;Non;Non;Non;Non;Non;Non;Oui;https://www.aidedd.org/spell/fr/dedale
Déguisement;Disguise Self;1;Illusion;Action;Perso;1 heure;V,S;;;Player's Handbook 2024 (BR);Oui;Non;Non;Non;Non;Oui;Non;Oui;https://www.aidedd.org/spell/fr/deguisement
Délivrance des malédictions;Remove Curse;3;Abjuration;Action;Contact;Instantanée;V,S;;;Player's Handbook 2024 (BR);Non;Oui;Non;Oui;Non;Non;Oui;Oui;https://www.aidedd.org/spell/fr/delivrance-des-maledictions
Demi-plan;Demiplane;8;Invocation;Action;18 m;1 heure;S;;;Player's Handbook 2024 (BR);Non;Non;Non;Non;Non;Oui;Oui;Oui;https://www.aidedd.org/spell/fr/demi-plan
Désintégration;Disintegrate;6;Transmutation;Action;18 m;Instantanée;V,S,M;;;Player's Handbook 2024 (BR);Non;Non;Non;Non;Non;Oui;Non;Oui;https://www.aidedd.org/spell/fr/desintegration
Détection de l'invisibilité;See Invisibility;2;Divination;Action;Perso;1 heure;V,S,M;;;Player's Handbook 2024 (BR);Oui;Non;Non;Non;Non;Oui;Non;Oui;https://www.aidedd.org/spell/fr/detection-de-l-invisibilite
Détection de la magie;Detect Magic;1;Divination;Action ou Rituel;Perso;10 minutes;V,S;Concentration;Rituel;Player's Handbook 2024 (BR);Oui;Oui;Oui;Oui;Oui;Oui;Oui;Oui;https://www.aidedd.org/spell/fr/detection-de-la-magie
Détection des pensées;Detect Thoughts;2;Divination;Action;Perso;1 minute;V,S,M;Concentration;;Player's Handbook 2024 (BR);Oui;Non;Non;Non;Non;Oui;Non;Oui;https://www.aidedd.org/spell/fr/detection-des-pensees
Détection des pièges;Find Traps;2;Divination;Action;36 m;Instantanée;V,S;;;Player's Handbook 2024 (BR);Non;Oui;Oui;Non;Oui;Non;Non;Non;https://www.aidedd.org/spell/fr/detection-des-pieges
Détection du mal et du bien;Detect Evil and Good;1;Divination;Action;Perso;10 minutes;V,S;Concentration;;Player's Handbook 2024 (BR);Non;Oui;Non;Oui;Non;Non;Non;Non;https://www.aidedd.org/spell/fr/detection-du-mal-et-du-bien
Détection du poison et des maladies;Detect Poison and Disease;1;Divination;Action ou Rituel;Perso;10 minutes;V,S,M;Concentration;Rituel;Player's Handbook 2024 (BR);Non;Oui;Oui;Oui;Oui;Non;Non;Non;https://www.aidedd.org/spell/fr/detection-du-poison-et-des-maladies
Discours captivant;Enthrall;2;Enchantement;Action;18 m;1 minute;V,S;Concentration;;Player's Handbook 2024 (BR);Oui;Non;Non;Non;Non;Non;Oui;Non;https://www.aidedd.org/spell/fr/discours-captivant
Disque flottant de Tenser;Tenser's Floating Disk;1;Invocation;Action ou Rituel;9 m;1 heure;V,S,M;;Rituel;Player's Handbook 2024 (BR);Non;Non;Non;Non;Non;Non;Non;Oui;https://www.aidedd.org/spell/fr/disque-flottant-de-tenser
Dissimulation suprême;Sequester;7;Transmutation;Action;Contact;Dissipation;V,S,M;;;Player's Handbook 2024 (BR);Non;Non;Non;Non;Non;Non;Non;Oui;https://www.aidedd.org/spell/fr/dissimulation-supreme
Dissipation de la magie;Dispel Magic;3;Abjuration;Action;36 m;Instantanée;V,S;;;Player's Handbook 2024 (BR);Oui;Oui;Oui;Oui;Oui;Oui;Oui;Oui;https://www.aidedd.org/spell/fr/dissipation-de-la-magie
Dissipation du mal et du bien;Dispel Evil and Good;5;Abjuration;Action;Perso;1 minute;V,S,M;Concentration;;Player's Handbook 2024 (BR);Non;Oui;Non;Oui;Non;Non;Non;Non;https://www.aidedd.org/spell/fr/dissipation-du-mal-et-du-bien
Divination;Divination;4;Divination;Action ou Rituel;Perso;Instantanée;V,S,M;;Rituel;Player's Handbook 2024 (BR);Non;Oui;Oui;Non;Non;Non;Non;Oui;https://www.aidedd.org/spell/fr/divination
Doigt de mort;Finger of Death;7;Nécromancie;Action;18 m;Instantanée;V,S;;;Player's Handbook 2024 (BR);Non;Non;Non;Non;Non;Oui;Oui;Oui;https://www.aidedd.org/spell/fr/doigt-de-mort
Domination de bête;Dominate Beast;4;Enchantement;Action;18 m;1 minute;V,S;Concentration;;Player's Handbook 2024 (BR);Non;Non;Oui;Non;Oui;Oui;Non;Non;https://www.aidedd.org/spell/fr/domination-de-bete
Domination de monstre;Dominate Monster;8;Enchantement;Action;18 m;1 heure;V,S;Concentration;;Player's Handbook 2024 (BR);Oui;Non;Non;Non;Non;Oui;Oui;Oui;https://www.aidedd.org/spell/fr/domination-de-monstre
Domination de personne;Dominate Person;5;Enchantement;Action;18 m;1 minute;V,S;Concentration;;Player's Handbook 2024 (BR);Oui;Non;Non;Non;Non;Oui;Non;Oui;https://www.aidedd.org/spell/fr/domination-de-personne
Don des langues;Tongues;3;Divination;Action;Contact;1 heure;V,M;;;Player's Handbook 2024 (BR);Oui;Oui;Non;Non;Non;Oui;Oui;Oui;https://www.aidedd.org/spell/fr/don-des-langues
Double illusoire;Mislead;5;Illusion;Action;Perso;1 heure;S;Concentration;;Player's Handbook 2024 (BR);Oui;Non;Non;Non;Non;Non;Oui;Oui;https://www.aidedd.org/spell/fr/double-illusoire
Doux repos;Gentle Repose;2;Nécromancie;Action ou Rituel;Contact;10 jours;V,S,M;;Rituel;Player's Handbook 2024 (BR);Non;Oui;Non;Oui;Non;Non;Non;Oui;https://www.aidedd.org/spell/fr/doux-repos
Druidisme;Druidcraft;0;Transmutation;Action;9 m;Instantanée;V,S;;;Player's Handbook 2024 (BR);Non;Non;Oui;Non;Non;Non;Non;Non;https://www.aidedd.org/spell/fr/druidisme
Duel forcé;Compelled Duel;1;Enchantement;Action bonus;9 m;1 minute;V;Concentration;;Player's Handbook 2024;Non;Non;Non;Oui;Non;Non;Non;Non;https://www.aidedd.org/spell/fr/duel-force
Éclair;Lightning Bolt;3;Évocation;Action;Perso;Instantanée;V,S,M;;;Player's Handbook 2024 (BR);Non;Non;Non;Non;Non;Oui;Non;Oui;https://www.aidedd.org/spell/fr/eclair
Éclat du soleil;Sunburst;8;Évocation;Action;45 m;Instantanée;V,S,M;;;Player's Handbook 2024 (BR);Non;Oui;Oui;Non;Non;Oui;Non;Oui;https://www.aidedd.org/spell/fr/eclat-du-soleil
Élémentalisme;Elementalism;0;Transmutation;Action;9 m;Instantanée;V,S;;;Player's Handbook 2024 (BR);Non;Non;Oui;Non;Non;Oui;Non;Oui;https://www.aidedd.org/spell/fr/elementalisme
Embruns prismatiques;Prismatic Spray;7;Évocation;Action;Perso;Instantanée;V,S;;;Player's Handbook 2024 (BR);Oui;Non;Non;Non;Non;Oui;Non;Oui;https://www.aidedd.org/spell/fr/embruns-prismatiques
Emprisonnement;Imprisonment;9;Abjuration;1 minute;9 m;Dissipation;V,S,M;;;Player's Handbook 2024 (BR);Non;Non;Non;Non;Non;Non;Oui;Oui;https://www.aidedd.org/spell/fr/emprisonnement
Enchevêtrement;Entangle;1;Invocation;Action;27 m;1 minute;V,S;Concentration;;Player's Handbook 2024 (BR);Non;Non;Oui;Non;Oui;Non;Non;Non;https://www.aidedd.org/spell/fr/enchevetrement
Ennemi subconscient;Weird;9;Illusion;Action;36 m;1 minute;V,S;Concentration;;Player's Handbook 2024 (BR);Non;Non;Non;Non;Non;Non;Oui;Oui;https://www.aidedd.org/spell/fr/ennemi-subconscient
Entrave planaire;Planar Binding;5;Abjuration;1 heure;18 m;24 heures;V,S,M;;;Player's Handbook 2024 (BR);Oui;Oui;Oui;Non;Non;Non;Oui;Oui;https://www.aidedd.org/spell/fr/entrave-planaire
Épée de Mordenkainen;Mordenkainen's Sword;7;Évocation;Action;27 m;1 minute;V,S,M;Concentration;;Player's Handbook 2024 (BR);Oui;Non;Non;Non;Non;Non;Non;Oui;https://www.aidedd.org/spell/fr/epee-de-mordenkainen
Épine mentale;Mind Spike;2;Divination;Action;36 m;1 heure;S;Concentration;;Player's Handbook 2024 (BR);Non;Non;Non;Non;Non;Oui;Oui;Oui;https://www.aidedd.org/spell/fr/epine-mentale
Éruption ensorcelée;Sorcerous Burst;0;Évocation;Action;36 m;Instantanée;V,S;;;Player's Handbook 2024 (BR);Non;Non;Non;Non;Non;Oui;Non;Non;https://www.aidedd.org/spell/fr/eruption-ensorcelee
Esprit impénétrable;Mind Blank;8;Abjuration;Action;Contact;24 heures;V,S;;;Player's Handbook 2024 (BR);Oui;Non;Non;Non;Non;Non;Non;Oui;https://www.aidedd.org/spell/fr/esprit-impenetrable
Esprits gardiens;Spirit Guardians;3;Invocation;Action;Perso;10 minutes;V,S,M;Concentration;;Player's Handbook 2024 (BR);Non;Oui;Non;Non;Non;Non;Non;Non;https://www.aidedd.org/spell/fr/esprits-gardiens
État cadavérique;Feign Death;3;Nécromancie;Action ou Rituel;Contact;1 heure;V,S,M;;Rituel;Player's Handbook 2024;Oui;Oui;Oui;Non;Non;Non;Non;Oui;https://www.aidedd.org/spell/fr/etat-cadaverique
Éveil;Awaken;5;Transmutation;8 heures;Contact;Instantanée;V,S,M;;;Player's Handbook 2024 (BR);Oui;Non;Oui;Non;Non;Non;Non;Non;https://www.aidedd.org/spell/fr/eveil
Fabrication;Fabricate;4;Transmutation;10 minutes;36 m;Instantanée;V,S;;;Player's Handbook 2024 (BR);Non;Non;Non;Non;Non;Non;Non;Oui;https://www.aidedd.org/spell/fr/fabrication
Façonnage de la pierre;Stone Shape;4;Transmutation;Action;Contact;Instantanée;V,S,M;;;Player's Handbook 2024 (BR);Non;Oui;Oui;Non;Non;Non;Non;Oui;https://www.aidedd.org/spell/fr/faconnage-de-la-pierre
Faveur divine;Divine Favor;1;Transmutation;Action bonus;Perso;1 minute;V,S;;;Player's Handbook 2024 (BR);Non;Non;Non;Oui;Non;Non;Non;Non;https://www.aidedd.org/spell/fr/faveur-divine
Festin des héros;Heroes' Feast;6;Invocation;10 minutes;Perso;Instantanée;V,S,M;;;Player's Handbook 2024 (BR);Oui;Oui;Oui;Non;Non;Non;Non;Non;https://www.aidedd.org/spell/fr/festin-des-heros
Feuille morte;Feather Fall;1;Transmutation;Réaction;18 m;1 minute;V,M;;;Player's Handbook 2024 (BR);Oui;Non;Non;Non;Non;Oui;Non;Oui;https://www.aidedd.org/spell/fr/feuille-morte
Flamme éternelle;Continual Flame;2;Évocation;Action;Contact;Dissipation;V,S,M;;;Player's Handbook 2024 (BR);Non;Oui;Oui;Non;Non;Non;Non;Oui;https://www.aidedd.org/spell/fr/flamme-eternelle
Flamme sacrée;Sacred Flame;0;Évocation;Action;18 m;Instantanée;V,S;;;Player's Handbook 2024 (BR);Non;Oui;Non;Non;Non;Non;Non;Non;https://www.aidedd.org/spell/fr/flamme-sacree
Flammes;Produce Flame;0;Invocation;Action bonus;Perso;10 minutes;V,S;;;Player's Handbook 2024 (BR);Non;Non;Oui;Non;Non;Non;Non;Non;https://www.aidedd.org/spell/fr/flammes
Fléau d'insectes;Insect Plague;5;Invocation;Action;45 m;10 minutes;V,S,M;Concentration;;Player's Handbook 2024 (BR);Non;Oui;Oui;Non;Non;Oui;Non;Non;https://www.aidedd.org/spell/fr/fleau-d-insectes
Flèche acide de Melf;Melf's Acid Arrow;2;Évocation;Action;27 m;Instantanée;V,S,M;;;Player's Handbook 2024 (BR);Non;Non;Non;Non;Non;Non;Non;Oui;https://www.aidedd.org/spell/fr/fleche-acide-de-melf
Flèche de foudre;Lightning Arrow;3;Transmutation;Action bonus;Perso;Instantanée;V,S;;;Player's Handbook 2024;Non;Non;Non;Non;Oui;Non;Non;Non;https://www.aidedd.org/spell/fr/fleche-de-foudre
Flétrissement;Blight;4;Nécromancie;Action;9 m;Instantanée;V,S;;;Player's Handbook 2024 (BR);Non;Non;Oui;Non;Non;Oui;Oui;Oui;https://www.aidedd.org/spell/fr/fletrissement
Flou;Blur;2;Illusion;Action;Perso;1 minute;V;Concentration;;Player's Handbook 2024 (BR);Non;Non;Non;Non;Non;Oui;Non;Oui;https://www.aidedd.org/spell/fr/flou
Fontaine de lune;Fount of Moonlight;4;Évocation;Action;Perso;10 minutes;V,S;Concentration;;Player's Handbook 2024;Oui;Non;Oui;Non;Non;Non;Non;Non;https://www.aidedd.org/spell/fr/fontaine-de-lune
Force fantasmagorique;Phantasmal Force;2;Illusion;Action;18 m;1 minute;V,S,M;Concentration;;Player's Handbook 2024 (BR);Oui;Non;Non;Non;Non;Oui;Non;Oui;https://www.aidedd.org/spell/fr/force-fantasmagorique
Forme éthérée;Etherealness;7;Invocation;Action;Perso;Jusqu'à 8 heures;V,S;;;Player's Handbook 2024 (BR);Oui;Oui;Non;Non;Non;Oui;Oui;Oui;https://www.aidedd.org/spell/fr/forme-etheree
Forme gazeuse;Gaseous Form;3;Transmutation;Action;Contact;1 heure;V,S,M;Concentration;;Player's Handbook 2024 (BR);Non;Non;Non;Non;Non;Oui;Oui;Oui;https://www.aidedd.org/spell/fr/forme-gazeuse
Fou rire de Tasha;Tasha's Hideous Laughter;1;Enchantement;Action;9 m;1 minute;V,S,M;Concentration;;Player's Handbook 2024 (BR);Oui;Non;Non;Non;Non;Non;Oui;Oui;https://www.aidedd.org/spell/fr/fou-rire-de-tasha
Fouet épineux;Thorn Whip;0;Transmutation;Action;9 m;Instantanée;V,S,M;;;Player's Handbook 2024;Non;Non;Oui;Non;Non;Non;Non;Non;https://www.aidedd.org/spell/fr/fouet-epineux
Foulée brumeuse;Misty Step;2;Invocation;Action bonus;Perso;Instantanée;V;;;Player's Handbook 2024 (BR);Non;Non;Non;Non;Non;Oui;Oui;Oui;https://www.aidedd.org/spell/fr/foulee-brumeuse
Fracassement;Shatter;2;Évocation;Action;18 m;Instantanée;V,S,M;;;Player's Handbook 2024 (BR);Oui;Non;Non;Non;Non;Oui;Non;Oui;https://www.aidedd.org/spell/fr/fracassement
Frappe du vent d'acier;Steel Wind Strike;5;Invocation;Action;9 m;Instantanée;S,M;;;Player's Handbook 2024;Non;Non;Non;Non;Oui;Non;Non;Oui;https://www.aidedd.org/spell/fr/frappe-du-vent-d-acier
Frappe piégeuse;Ensnaring Strike;1;Invocation;Action bonus;Perso;1 minute;V;Concentration;;Player's Handbook 2024 (BR);Non;Non;Non;Non;Oui;Non;Non;Non;https://www.aidedd.org/spell/fr/frappe-piegeuse
Fusion dans la pierre;Meld into Stone;3;Transmutation;Action ou Rituel;Contact;8 heures;V,S;;Rituel;Player's Handbook 2024 (BR);Non;Oui;Oui;Non;Oui;Non;Non;Non;https://www.aidedd.org/spell/fr/fusion-dans-la-pierre
Gardien de la foi;Guardian of Faith;4;Invocation;Action;9 m;8 heures;V;;;Player's Handbook 2024 (BR);Non;Oui;Non;Non;Non;Non;Non;Non;https://www.aidedd.org/spell/fr/gardien-de-la-foi
Glas;Toll the Dead;0;Nécromancie;Action;18 m;Instantanée;V,S;;;Player's Handbook 2024;Non;Oui;Non;Non;Non;Non;Oui;Oui;https://www.aidedd.org/spell/fr/glas
Glissement de terrain;Move Earth;6;Transmutation;Action;36 m;2 heures;V,S,M;Concentration;;Player's Handbook 2024 (BR);Non;Non;Oui;Non;Non;Oui;Non;Oui;https://www.aidedd.org/spell/fr/glissement-de-terrain
Globe d'invulnérabilité;Globe of Invulnerability;6;Abjuration;Action;Perso;1 minute;V,S,M;Concentration;;Player's Handbook 2024 (BR);Non;Non;Non;Non;Non;Oui;Non;Oui;https://www.aidedd.org/spell/fr/globe-d-invulnerabilite
Glyphe de garde;Glyph of Warding;3;Abjuration;1 heure;Contact;Dissipation/Déclenchement;V,S,M;;;Player's Handbook 2024 (BR);Oui;Oui;Non;Non;Non;Non;Non;Oui;https://www.aidedd.org/spell/fr/glyphe-de-garde
Graisse;Grease;1;Invocation;Action;18 m;1 minute;V,S,M;;;Player's Handbook 2024 (BR);Non;Non;Non;Non;Non;Oui;Non;Oui;https://www.aidedd.org/spell/fr/graisse
Grande foulée;Longstrider;1;Transmutation;Action;Contact;1 heure;V,S,M;;;Player's Handbook 2024 (BR);Oui;Non;Oui;Non;Oui;Non;Non;Oui;https://www.aidedd.org/spell/fr/grande-foulee
Grêle d'épines;Hail of Thorns;1;Invocation;Action bonus;Perso;Instantanée;V;;;Player's Handbook 2024;Non;Non;Non;Non;Oui;Non;Non;Non;https://www.aidedd.org/spell/fr/grele-d-epines
Guérison;Heal;6;Abjuration;Action;18 m;Instantanée;V,S;;;Player's Handbook 2024 (BR);Non;Oui;Oui;Non;Non;Non;Non;Non;https://www.aidedd.org/spell/fr/guerison
Guérison de groupe;Mass Heal;9;Abjuration;Action;18 m;Instantanée;V,S;;;Player's Handbook 2024 (BR);Non;Oui;Non;Non;Non;Non;Non;Non;https://www.aidedd.org/spell/fr/guerison-de-groupe
Hâte;Haste;3;Transmutation;Action;9 m;1 minute;V,S,M;Concentration;;Player's Handbook 2024 (BR);Non;Non;Non;Non;Non;Oui;Non;Oui;https://www.aidedd.org/spell/fr/hate
Héroïsme;Heroism;1;Enchantement;Action;Contact;1 minute;V,S;Concentration;;Player's Handbook 2024 (BR);Oui;Non;Non;Oui;Non;Non;Non;Non;https://www.aidedd.org/spell/fr/heroisme
Identification;Identify;1;Divination;1 minute ou Rituel;Contact;Instantanée;V,S,M;;Rituel;Player's Handbook 2024 (BR);Oui;Non;Non;Non;Non;Non;Non;Oui;https://www.aidedd.org/spell/fr/identification
Illusion mineure;Minor Illusion;0;Illusion;Action;9 m;1 minute;S,M;;;Player's Handbook 2024 (BR);Oui;Non;Non;Non;Non;Oui;Oui;Oui;https://www.aidedd.org/spell/fr/illusion-mineure
Illusion programmée;Programmed Illusion;6;Illusion;Action;36 m;Dissipation;V,S,M;;;Player's Handbook 2024 (BR);Oui;Non;Non;Non;Non;Non;Non;Oui;https://www.aidedd.org/spell/fr/illusion-programmee
Image majeure;Major Image;3;Illusion;Action;36 m;10 minutes;V,S,M;Concentration;;Player's Handbook 2024 (BR);Oui;Non;Non;Non;Non;Oui;Oui;Oui;https://www.aidedd.org/spell/fr/image-majeure
Image miroir;Mirror Image;2;Illusion;Action;Perso;1 minute;V,S;;;Player's Handbook 2024 (BR);Oui;Non;Non;Non;Non;Oui;Oui;Oui;https://www.aidedd.org/spell/fr/image-miroir
Image projetée;Project Image;7;Illusion;Action;750 km;1 jour;V,S,M;Concentration;;Player's Handbook 2024 (BR);Oui;Non;Non;Non;Non;Non;Non;Oui;https://www.aidedd.org/spell/fr/image-projetee
Image silencieuse;Silent Image;1;Illusion;Action;18 m;10 minutes;V,S,M;Concentration;;Player's Handbook 2024 (BR);Oui;Non;Non;Non;Non;Oui;Non;Oui;https://www.aidedd.org/spell/fr/image-silencieuse
Immobilisation de monstre;Hold Monster;5;Enchantement;Action;27 m;1 minute;V,S,M;Concentration;;Player's Handbook 2024 (BR);Oui;Non;Non;Non;Non;Oui;Oui;Oui;https://www.aidedd.org/spell/fr/immobilisation-de-monstre
Immobilisation de personne;Hold Person;2;Enchantement;Action;18 m;1 minute;V,S,M;Concentration;;Player's Handbook 2024 (BR);Oui;Oui;Oui;Non;Non;Oui;Oui;Oui;https://www.aidedd.org/spell/fr/immobilisation-de-personne
Imprécation;Bane;1;Enchantement;Action;9 m;1 minute;V,S,M;Concentration;;Player's Handbook 2024 (BR);Oui;Oui;Non;Non;Non;Non;Oui;Non;https://www.aidedd.org/spell/fr/imprecation
Injonction;Command;1;Enchantement;Action;18 m;Instantanée;V;;;Player's Handbook 2024 (BR);Oui;Oui;Non;Oui;Non;Non;Non;Non;https://www.aidedd.org/spell/fr/injonction
Insecte géant;Giant Insect;4;Invocation;Action;18 m;10 minutes;V,S;Concentration;;Player's Handbook 2024 (BR);Non;Non;Oui;Non;Non;Non;Non;Non;https://www.aidedd.org/spell/fr/insecte-geant
Interdiction;Forbiddance;6;Abjuration;10 minutes ou Rituel;Contact;1 jour;V,S,M;;Rituel;Player's Handbook 2024 (BR);Non;Oui;Non;Non;Non;Non;Non;Non;https://www.aidedd.org/spell/fr/interdiction
Inversion de la gravité;Reverse Gravity;7;Transmutation;Action;30 m;1 minute;V,S,M;Concentration;;Player's Handbook 2024 (BR);Non;Non;Oui;Non;Non;Oui;Non;Oui;https://www.aidedd.org/spell/fr/inversion-de-la-gravite
Invisibilité;Invisibility;2;Illusion;Action;Contact;1 heure;V,S,M;Concentration;;Player's Handbook 2024 (BR);Oui;Non;Non;Non;Non;Oui;Oui;Oui;https://www.aidedd.org/spell/fr/invisibilite
Invisibilité suprême;Greater Invisibility;4;Illusion;Action;Contact;1 minute;V,S;Concentration;;Player's Handbook 2024 (BR);Oui;Non;Non;Non;Non;Oui;Non;Oui;https://www.aidedd.org/spell/fr/invisibilite-supreme
Invocation d'animaux;Conjure Animals;3;Invocation;Action;18 m;10 minutes;V,S;Concentration;;Player's Handbook 2024 (BR);Non;Non;Oui;Non;Oui;Non;Non;Non;https://www.aidedd.org/spell/fr/invocation-d-animaux
Invocation d'élémentaire;Conjure Elemental;5;Invocation;Action;18 m;10 minutes;V,S;Concentration;;Player's Handbook 2024 (BR);Non;Non;Oui;Non;Non;Non;Non;Oui;https://www.aidedd.org/spell/fr/invocation-d-elementaire
Invocation d'élémentaires mineurs;Conjure Minor Elementals;4;Invocation;Action;Perso;10 minutes;V,S;Concentration;;Player's Handbook 2024 (BR);Non;Non;Oui;Non;Non;Non;Non;Oui;https://www.aidedd.org/spell/fr/invocation-d-elementaires-mineurs
Invocation d'êtres sylvestres;Conjure Woodland Beings;4;Invocation;Action;Perso;10 minutes;V,S;Concentration;;Player's Handbook 2024 (BR);Non;Non;Oui;Non;Oui;Non;Non;Non;https://www.aidedd.org/spell/fr/invocation-d-etres-sylvestres
Invocation de céleste;Conjure Celestial;7;Invocation;Action;27 m;10 minutes;V,S;Concentration;;Player's Handbook 2024 (BR);Non;Oui;Non;Non;Non;Non;Non;Non;https://www.aidedd.org/spell/fr/invocation-de-celeste
Invocation de fée;Conjure Fey;6;Invocation;Action;18 m;10 minutes;V,S;Concentration;;Player's Handbook 2024 (BR);Non;Non;Oui;Non;Non;Non;Non;Non;https://www.aidedd.org/spell/fr/invocation-de-fee
Invocation de projectiles|Hérissement;Conjure Barrage;3;Invocation;Action;Perso;Instantanée;V,S,M;;;Player's Handbook 2024;Non;Non;Non;Non;Oui;Non;Non;Non;https://www.aidedd.org/spell/fr/invocation-de-projectiles-herissement
Invocation de volée;Conjure Volley;5;Invocation;Action;45 m;Instantanée;V,S,M;;;Player's Handbook 2024;Non;Non;Non;Non;Oui;Non;Non;Non;https://www.aidedd.org/spell/fr/invocation-de-volee
Lame de feu;Flame Blade;2;Évocation;Action bonus;Perso;10 minutes;V,S,M;Concentration;;Player's Handbook 2024 (BR);Non;Non;Oui;Non;Non;Oui;Non;Non;https://www.aidedd.org/spell/fr/lame-de-feu
Lenteur;Slow;3;Transmutation;Action;36 m;1 minute;V,S,M;Concentration;;Player's Handbook 2024 (BR);Oui;Non;Non;Non;Non;Oui;Non;Oui;https://www.aidedd.org/spell/fr/lenteur
Lévitation;Levitate;2;Transmutation;Action;18 m;10 minutes;V,S,M;Concentration;;Player's Handbook 2024 (BR);Non;Non;Non;Non;Non;Oui;Non;Oui;https://www.aidedd.org/spell/fr/levitation
Liane avide;Grasping Vine;4;Invocation;Action bonus;18 m;1 minute;V,S;Concentration;;Player's Handbook 2024;Non;Non;Oui;Non;Oui;Non;Non;Non;https://www.aidedd.org/spell/fr/liane-avide
Liberté de mouvement;Freedom of Movement;4;Abjuration;Action;Contact;1 heure;V,S,M;;;Player's Handbook 2024 (BR);Oui;Oui;Oui;Non;Oui;Non;Non;Non;https://www.aidedd.org/spell/fr/liberte-de-mouvement
Lien de protection;Warding Bond;2;Abjuration;Action;Contact;1 heure;V,S,M;;;Player's Handbook 2024 (BR);Non;Oui;Non;Oui;Non;Non;Non;Non;https://www.aidedd.org/spell/fr/lien-de-protection
Lien télépathique de Rary;Rary's Telepathic Bond;5;Divination;Action ou Rituel;9 m;1 heure;V,S,M;;Rituel;Player's Handbook 2024 (BR);Oui;Non;Non;Non;Non;Non;Non;Oui;https://www.aidedd.org/spell/fr/lien-telepathique-de-rary
Localisation d'animaux ou de plantes;Locate Animals or Plants;2;Divination;Action ou Rituel;Perso;Instantanée;V,S,M;;Rituel;Player's Handbook 2024 (BR);Oui;Non;Oui;Non;Oui;Non;Non;Non;https://www.aidedd.org/spell/fr/localisation-d-animaux-ou-de-plantes
Localisation d'objet;Locate Object;2;Divination;Action;Perso;10 minutes;V,S,M;Concentration;;Player's Handbook 2024 (BR);Oui;Oui;Oui;Oui;Oui;Non;Non;Oui;https://www.aidedd.org/spell/fr/localisation-d-objet
Localisation de créature;Locate Creature;4;Divination;Action;Perso;1 heure;V,S,M;Concentration;;Player's Handbook 2024 (BR);Oui;Oui;Oui;Oui;Oui;Non;Non;Oui;https://www.aidedd.org/spell/fr/localisation-de-creature
Lueur d'espoir;Beacon of Hope;3;Abjuration;Action;9 m;1 minute;V,S;Concentration;;Player's Handbook 2024 (BR);Non;Oui;Non;Non;Non;Non;Non;Non;https://www.aidedd.org/spell/fr/lueur-d-espoir
Lueurs féeriques;Faerie Fire;1;Évocation;Action;18 m;1 minute;V;Concentration;;Player's Handbook 2024 (BR);Oui;Non;Oui;Non;Non;Non;Non;Non;https://www.aidedd.org/spell/fr/lueurs-feeriques
Lumière;Light;0;Évocation;Action;Contact;1 heure;V,M;;;Player's Handbook 2024 (BR);Oui;Oui;Non;Non;Non;Oui;Non;Oui;https://www.aidedd.org/spell/fr/lumiere
Lumière du jour;Daylight;3;Évocation;Action;18 m;1 heure;V,S;;;Player's Handbook 2024 (BR);Non;Oui;Oui;Oui;Oui;Oui;Non;Non;https://www.aidedd.org/spell/fr/lumiere-du-jour
Lumières dansantes;Dancing Lights;0;Illusion;Action;36 m;1 minute;V,S,M;Concentration;;Player's Handbook 2024 (BR);Oui;Non;Non;Non;Non;Oui;Non;Oui;https://www.aidedd.org/spell/fr/lumieres-dansantes
Main de Bigby;Bigby's Hand;5;Évocation;Action;36 m;1 minute;V,S,M;Concentration;;Player's Handbook 2024 (BR);Non;Non;Non;Non;Non;Oui;Non;Oui;https://www.aidedd.org/spell/fr/main-de-bigby
Main de mage;Mage Hand;0;Invocation;Action;9 m;1 minute;V,S;;;Player's Handbook 2024 (BR);Oui;Non;Non;Non;Non;Oui;Oui;Oui;https://www.aidedd.org/spell/fr/main-de-mage
Mains brûlantes;Burning Hands;1;Évocation;Action;Perso;Instantanée;V,S;;;Player's Handbook 2024 (BR);Non;Non;Non;Non;Non;Oui;Non;Oui;https://www.aidedd.org/spell/fr/mains-brulantes
Malédiction;Bestow Curse;3;Nécromancie;Action;Contact;1 minute;V,S;Concentration;;Player's Handbook 2024 (BR);Oui;Oui;Non;Non;Non;Non;Non;Oui;https://www.aidedd.org/spell/fr/malediction
Maléfice;Hex;1;Enchantement;Action bonus;27 m;1 heure;V,S,M;Concentration;;Player's Handbook 2024 (BR);Non;Non;Non;Non;Non;Non;Oui;Non;https://www.aidedd.org/spell/fr/malefice
Manoir somptueux de Mordenkainen;Mordenkainen's Magnificent Mansion;7;Invocation;1 minute;45 m;24 heures;V,S,M;;;Player's Handbook 2024 (BR);Oui;Non;Non;Non;Non;Non;Non;Oui;https://www.aidedd.org/spell/fr/manoir-somptueux-de-mordenkainen
Marche sur l'eau|Marche sur l'onde;Water Walk;3;Transmutation;Action ou Rituel;9 m;1 heure;V,S,M;;Rituel;Player's Handbook 2024 (BR);Non;Oui;Oui;Non;Oui;Oui;Non;Non;https://www.aidedd.org/spell/fr/marche-sur-l-eau-marche-sur-l-onde
Marque du chasseur;Hunter's Mark;1;Divination;Action bonus;27 m;1 heure;V;Concentration;;Player's Handbook 2024 (BR);Non;Non;Non;Non;Oui;Non;Non;Non;https://www.aidedd.org/spell/fr/marque-du-chasseur
Mauvais oeil;Eyebite;6;Nécromancie;Action;Perso;1 minute;V,S;Concentration;;Player's Handbook 2024 (BR);Oui;Non;Non;Non;Non;Oui;Oui;Oui;https://www.aidedd.org/spell/fr/mauvais-oeil
Message;Message;0;Transmutation;Action;36 m;1 round;S,M;;;Player's Handbook 2024 (BR);Oui;Non;Oui;Non;Non;Oui;Non;Oui;https://www.aidedd.org/spell/fr/message
Messager animal;Animal Messenger;2;Enchantement;Action ou Rituel;9 m;24 heures;V,S,M;;Rituel;Player's Handbook 2024 (BR);Oui;Non;Oui;Non;Oui;Non;Non;Non;https://www.aidedd.org/spell/fr/messager-animal
Métal brûlant;Heat Metal;2;Transmutation;Action;18 m;1 minute;V,S,M;Concentration;;Player's Handbook 2024 (BR);Oui;Non;Oui;Non;Non;Non;Non;Non;https://www.aidedd.org/spell/fr/metal-brulant
Métamorphose;Polymorph;4;Transmutation;Action;18 m;1 heure;V,S,M;Concentration;;Player's Handbook 2024 (BR);Oui;Non;Oui;Non;Non;Oui;Non;Oui;https://www.aidedd.org/spell/fr/metamorphose
Métamorphose animale;Animal Shapes;8;Transmutation;Action;9 m;24 heures;V,S;;;Player's Handbook 2024 (BR);Non;Non;Oui;Non;Non;Non;Non;Non;https://www.aidedd.org/spell/fr/metamorphose-animale
Métamorphose suprême;True Polymorph;9;Transmutation;Action;9 m;1 heure;V,S,M;Concentration;;Player's Handbook 2024 (BR);Oui;Non;Non;Non;Non;Non;Oui;Oui;https://www.aidedd.org/spell/fr/metamorphose-supreme
Mirage;Mirage Arcane;7;Illusion;10 minutes;Vue;10 jours;V,S;;;Player's Handbook 2024 (BR);Oui;Non;Oui;Non;Non;Non;Non;Oui;https://www.aidedd.org/spell/fr/mirage
Modification d'apparence;Alter Self;2;Transmutation;Action;Perso;1 heure;V,S;Concentration;;Player's Handbook 2024 (BR);Non;Non;Non;Non;Non;Oui;Non;Oui;https://www.aidedd.org/spell/fr/modification-d-apparence
Modification de mémoire;Modify Memory;5;Enchantement;Action;9 m;1 minute;V,S;Concentration;;Player's Handbook 2024 (BR);Oui;Non;Non;Non;Non;Non;Non;Oui;https://www.aidedd.org/spell/fr/modification-de-memoire
Monture fantôme;Phantom Steed;3;Illusion;1 minute ou Rituel;9 m;1 heure;V,S;;Rituel;Player's Handbook 2024 (BR);Non;Non;Non;Non;Non;Non;Non;Oui;https://www.aidedd.org/spell/fr/monture-fantome
Moquerie cruelle;Vicious Mockery;0;Enchantement;Action;18 m;Instantanée;V;;;Player's Handbook 2024 (BR);Oui;Non;Non;Non;Non;Non;Non;Non;https://www.aidedd.org/spell/fr/moquerie-cruelle
Mot de guérison;Healing Word;1;Abjuration;Action bonus;18 m;Instantanée;V;;;Player's Handbook 2024 (BR);Oui;Oui;Oui;Non;Non;Non;Non;Non;https://www.aidedd.org/spell/fr/mot-de-guerison
Mot de guérison de groupe;Mass Healing Word;3;Abjuration;Action bonus;18 m;Instantanée;V;;;Player's Handbook 2024 (BR);Oui;Oui;Non;Non;Non;Non;Non;Non;https://www.aidedd.org/spell/fr/mot-de-guerison-de-groupe
Mot de pouvoir étourdissant;Power Word Stun;8;Enchantement;Action;18 m;Instantanée;V;;;Player's Handbook 2024 (BR);Oui;Non;Non;Non;Non;Oui;Oui;Oui;https://www.aidedd.org/spell/fr/mot-de-pouvoir-etourdissant
Mot de pouvoir fortifiant;Power Word Fortify;7;Enchantement;Action;18 m;Instantanée;V;;;Player's Handbook 2024;Oui;Oui;Non;Non;Non;Non;Non;Non;https://www.aidedd.org/spell/fr/mot-de-pouvoir-fortifiant
Mot de pouvoir guérisseur;Power Word Heal;9;Enchantement;Action;18 m;Instantanée;V;;;Player's Handbook 2024 (BR);Oui;Oui;Non;Non;Non;Non;Non;Non;https://www.aidedd.org/spell/fr/mot-de-pouvoir-guerisseur
Mot de pouvoir mortel;Power Word Kill;9;Enchantement;Action;18 m;Instantanée;V;;;Player's Handbook 2024 (BR);Oui;Non;Non;Non;Non;Oui;Oui;Oui;https://www.aidedd.org/spell/fr/mot-de-pouvoir-mortel
Mot de radiance;Word of Radiance;0;Évocation;Action;Perso;Instantanée;V,M;;;Player's Handbook 2024;Non;Oui;Non;Non;Non;Non;Non;Non;https://www.aidedd.org/spell/fr/mot-de-radiance
Mot de retour;Word of Recall;6;Invocation;Action;1,50 m;Instantanée;V;;;Player's Handbook 2024 (BR);Non;Oui;Non;Non;Non;Non;Non;Non;https://www.aidedd.org/spell/fr/mot-de-retour
Motif hypnotique;Hypnotic Pattern;3;Illusion;Action;36 m;1 minute;S,M;Concentration;;Player's Handbook 2024 (BR);Oui;Non;Non;Non;Non;Oui;Oui;Oui;https://www.aidedd.org/spell/fr/motif-hypnotique
Mur d'épines;Wall of Thorns;6;Invocation;Action;36 m;10 minutes;V,S,M;Concentration;;Player's Handbook 2024 (BR);Non;Non;Oui;Non;Non;Non;Non;Non;https://www.aidedd.org/spell/fr/mur-d-epines
Mur de feu;Wall of Fire;4;Évocation;Action;36 m;1 minute;V,S,M;Concentration;;Player's Handbook 2024 (BR);Non;Non;Oui;Non;Non;Oui;Non;Oui;https://www.aidedd.org/spell/fr/mur-de-feu
Mur de force;Wall of Force;5;Évocation;Action;36 m;10 minutes;V,S,M;Concentration;;Player's Handbook 2024 (BR);Non;Non;Non;Non;Non;Non;Non;Oui;https://www.aidedd.org/spell/fr/mur-de-force
Mur de glace;Wall of Ice;6;Évocation;Action;36 m;10 minutes;V,S,M;Concentration;;Player's Handbook 2024 (BR);Non;Non;Non;Non;Non;Non;Non;Oui;https://www.aidedd.org/spell/fr/mur-de-glace
Mur de pierre;Wall of Stone;5;Évocation;Action;36 m;10 minutes;V,S,M;Concentration;;Player's Handbook 2024 (BR);Non;Non;Oui;Non;Non;Oui;Non;Oui;https://www.aidedd.org/spell/fr/mur-de-pierre
Mur de vent;Wind Wall;3;Évocation;Action;36 m;1 minute;V,S,M;Concentration;;Player's Handbook 2024 (BR);Non;Non;Oui;Non;Oui;Non;Non;Non;https://www.aidedd.org/spell/fr/mur-de-vent
Mur prismatique;Prismatic Wall;9;Abjuration;Action;18 m;10 minutes;V,S;;;Player's Handbook 2024 (BR);Oui;Non;Non;Non;Non;Non;Non;Oui;https://www.aidedd.org/spell/fr/mur-prismatique
Murmures dissonants;Dissonant Whispers;1;Enchantement;Action;18 m;Instantanée;V;;;Player's Handbook 2024 (BR);Oui;Non;Non;Non;Non;Non;Non;Non;https://www.aidedd.org/spell/fr/murmures-dissonants
Mythes et légendes;Legend Lore;5;Divination;10 minutes;Perso;Instantanée;V,S,M;;;Player's Handbook 2024 (BR);Oui;Oui;Non;Non;Non;Non;Non;Oui;https://www.aidedd.org/spell/fr/mythes-et-legendes
Nappe de brouillard;Fog Cloud;1;Invocation;Action;36 m;1 heure;V,S;Concentration;;Player's Handbook 2024 (BR);Non;Non;Oui;Non;Oui;Oui;Non;Oui;https://www.aidedd.org/spell/fr/nappe-de-brouillard
Nuage incendiaire;Incendiary Cloud;8;Invocation;Action;45 m;1 minute;V,S;Concentration;;Player's Handbook 2024 (BR);Non;Non;Oui;Non;Non;Oui;Non;Oui;https://www.aidedd.org/spell/fr/nuage-incendiaire
Nuage nauséabond;Stinking Cloud;3;Invocation;Action;27 m;1 minute;V,S,M;Concentration;;Player's Handbook 2024 (BR);Oui;Non;Non;Non;Non;Oui;Non;Oui;https://www.aidedd.org/spell/fr/nuage-nauseabond
Nuée de dagues;Cloud of Daggers;2;Invocation;Action;18 m;1 minute;V,S,M;Concentration;;Player's Handbook 2024;Oui;Non;Non;Non;Non;Oui;Oui;Oui;https://www.aidedd.org/spell/fr/nuee-de-dagues
Nuée de météores;Meteor Swarm;9;Évocation;Action;1,5 km;Instantanée;V,S;;;Player's Handbook 2024 (BR);Non;Non;Non;Non;Non;Oui;Non;Oui;https://www.aidedd.org/spell/fr/nuee-de-meteores
Oeil du mage;Arcane Eye;4;Divination;Action;9 m;1 heure;V,S,M;Concentration;;Player's Handbook 2024 (BR);Non;Non;Non;Non;Non;Non;Non;Oui;https://www.aidedd.org/spell/fr/oeil-du-mage
Orbe chromatique;Chromatic Orb;1;Évocation;Action;27 m;Instantanée;V,S,M;;;Player's Handbook 2024 (BR);Non;Non;Non;Non;Non;Oui;Non;Oui;https://www.aidedd.org/spell/fr/orbe-chromatique
Orientation;Find the Path;6;Divination;1 minute;Perso;1 jour;V,S,M;Concentration;;Player's Handbook 2024 (BR);Oui;Oui;Oui;Non;Non;Non;Non;Non;https://www.aidedd.org/spell/fr/orientation
Parole divine;Divine Word;7;Évocation;Action bonus;9 m;Instantanée;V;;;Player's Handbook 2024 (BR);Non;Oui;Non;Non;Non;Non;Non;Non;https://www.aidedd.org/spell/fr/parole-divine
Passage par les arbres;Tree Stride;5;Invocation;Action;Perso;1 minute;V,S;Concentration;;Player's Handbook 2024 (BR);Non;Non;Oui;Non;Oui;Non;Non;Non;https://www.aidedd.org/spell/fr/passage-par-les-arbres
Passage sans trace;Pass without Trace;2;Abjuration;Action;Perso;1 heure;V,S,M;Concentration;;Player's Handbook 2024 (BR);Non;Non;Oui;Non;Oui;Non;Non;Non;https://www.aidedd.org/spell/fr/passage-sans-trace
Passe-muraille;Passwall;5;Transmutation;Action;9 m;1 heure;V,S,M;;;Player's Handbook 2024 (BR);Non;Non;Non;Non;Non;Non;Non;Oui;https://www.aidedd.org/spell/fr/passe-muraille
Pattes d'araignée;Spider Climb;2;Transmutation;Action;Contact;1 heure;V,S,M;Concentration;;Player's Handbook 2024 (BR);Non;Non;Non;Non;Non;Oui;Oui;Oui;https://www.aidedd.org/spell/fr/pattes-d-araignee
Peau d'écorce;Barkskin;2;Transmutation;Action bonus;Contact;1 heure;V,S,M;;;Player's Handbook 2024 (BR);Non;Non;Oui;Non;Oui;Non;Non;Non;https://www.aidedd.org/spell/fr/peau-d-ecorce
Peau de pierre;Stoneskin;4;Transmutation;Action;Contact;1 heure;V,S,M;Concentration;;Player's Handbook 2024 (BR);Non;Non;Oui;Non;Oui;Oui;Non;Oui;https://www.aidedd.org/spell/fr/peau-de-pierre
Perception bestiale;Beast Sense;2;Divination;Action ou Rituel;Contact;1 heure;S;Concentration;Rituel;Player's Handbook 2024;Non;Non;Oui;Non;Oui;Non;Non;Non;https://www.aidedd.org/spell/fr/perception-bestiale
Perturbations synaptiques;Synaptic Static;5;Enchantement;Action;36 m;Instantanée;V,S;;;Player's Handbook 2024;Oui;Non;Non;Non;Non;Oui;Oui;Oui;https://www.aidedd.org/spell/fr/perturbations-synaptiques
Petite hutte de Léomund;Leomund's Tiny Hut;3;Évocation;1 minute ou Rituel;Perso;8 heures;V,S,M;;Rituel;Player's Handbook 2024 (BR);Oui;Non;Non;Non;Non;Non;Non;Oui;https://www.aidedd.org/spell/fr/petite-hutte-de-leomund
Pétrification;Flesh to Stone;6;Transmutation;Action;18 m;1 minute;V,S,M;Concentration;;Player's Handbook 2024 (BR);Non;Non;Oui;Non;Non;Oui;Non;Oui;https://www.aidedd.org/spell/fr/petrification
Peur|Terreur;Fear;3;Illusion;Action;Perso;1 minute;V,S,M;Concentration;;Player's Handbook 2024 (BR);Oui;Non;Non;Non;Non;Oui;Oui;Oui;https://www.aidedd.org/spell/fr/peur-terreur
Piqûre mentale;Mind Sliver;0;Enchantement;Action;18 m;1 round;V;;;Player's Handbook 2024;Non;Non;Non;Non;Non;Oui;Oui;Oui;https://www.aidedd.org/spell/fr/piqure-mentale
Poigne électrique;Shocking Grasp;0;Évocation;Action;Contact;Instantanée;V,S;;;Player's Handbook 2024 (BR);Non;Non;Non;Non;Non;Oui;Non;Oui;https://www.aidedd.org/spell/fr/poigne-electrique
Portail;Gate;9;Invocation;Action;18 m;1 minute;V,S,M;Concentration;;Player's Handbook 2024 (BR);Non;Oui;Non;Non;Non;Oui;Oui;Oui;https://www.aidedd.org/spell/fr/portail
Portail arcanique;Arcane Gate;6;Invocation;Action;90 m;10 minutes;V,S;Concentration;;Player's Handbook 2024;Non;Non;Non;Non;Non;Oui;Oui;Oui;https://www.aidedd.org/spell/fr/portail-arcanique
Porte dimensionnelle;Dimension Door;4;Invocation;Action;150 m;Instantanée;V;;;Player's Handbook 2024 (BR);Oui;Non;Non;Non;Non;Oui;Oui;Oui;https://www.aidedd.org/spell/fr/porte-dimensionnelle
Poussière d'étoile;Starry Wisp;0;Évocation;Action;18 m;Instantanée;V,S;;;Player's Handbook 2024 (BR);Oui;Non;Oui;Non;Non;Non;Non;Non;https://www.aidedd.org/spell/fr/poussiere-d-etoile
Préméditation;Contingency;6;Abjuration;10 minutes;Perso;10 jours;V,S,M;;;Player's Handbook 2024 (BR);Non;Non;Non;Non;Non;Non;Non;Oui;https://www.aidedd.org/spell/fr/premeditation
Prémonition;Foresight;9;Divination;1 minute;Contact;8 heures;V,S,M;;;Player's Handbook 2024 (BR);Oui;Non;Oui;Non;Non;Non;Oui;Oui;https://www.aidedd.org/spell/fr/premonition
Présence royale de Yolane;Yolande's Regal Presence;5;Enchantement;Action;Perso;1 minute;V,S,M;Concentration;;Player's Handbook 2024;Oui;Non;Non;Non;Non;Non;Non;Oui;https://www.aidedd.org/spell/fr/presence-royale-de-yolane
Prestidigitation;Prestidigitation;0;Transmutation;Action;3 m;Jusqu'à 1 heure;V,S;;;Player's Handbook 2024 (BR);Oui;Non;Non;Non;Non;Oui;Oui;Oui;https://www.aidedd.org/spell/fr/prestidigitation
Prière de guérison;Prayer of Healing;2;Abjuration;10 minutes;9 m;Instantanée;V;;;Player's Handbook 2024 (BR);Non;Oui;Non;Oui;Non;Non;Non;Non;https://www.aidedd.org/spell/fr/priere-de-guerison
Projectile magique;Magic Missile;1;Évocation;Action;36 m;Instantanée;V,S;;;Player's Handbook 2024 (BR);Non;Non;Non;Non;Non;Oui;Non;Oui;https://www.aidedd.org/spell/fr/projectile-magique
Projection astrale;Astral Projection;9;Nécromancie;1 heure;3 m;Dissipation;V,S,M;;;Player's Handbook 2024 (BR);Non;Oui;Non;Non;Non;Non;Oui;Oui;https://www.aidedd.org/spell/fr/projection-astrale
Protection contre l'énergie;Protection from Energy;3;Abjuration;Action;Contact;1 heure;V,S;Concentration;;Player's Handbook 2024 (BR);Non;Oui;Oui;Non;Oui;Oui;Non;Oui;https://www.aidedd.org/spell/fr/protection-contre-l-energie
Protection contre la mort;Death Ward;4;Abjuration;Action;Contact;8 heures;V,S;;;Player's Handbook 2024 (BR);Non;Oui;Non;Oui;Non;Non;Non;Non;https://www.aidedd.org/spell/fr/protection-contre-la-mort
Protection contre le mal et le bien;Protection from Evil and Good;1;Abjuration;Action;Contact;10 minutes;V,S,M;Concentration;;Player's Handbook 2024 (BR);Non;Oui;Oui;Oui;Non;Non;Oui;Oui;https://www.aidedd.org/spell/fr/protection-contre-le-mal-et-le-bien
Protection contre le poison;Protection from Poison;2;Abjuration;Action;Contact;1 heure;V,S;;;Player's Handbook 2024 (BR);Non;Oui;Oui;Oui;Oui;Non;Non;Non;https://www.aidedd.org/spell/fr/protection-contre-le-poison
Protections et sceaux;Guards and Wards;6;Abjuration;1 heure;Contact;24 heures;V,S,M;;;Player's Handbook 2024 (BR);Oui;Non;Non;Non;Non;Non;Non;Oui;https://www.aidedd.org/spell/fr/protections-et-sceaux
Purification de la nourriture et de l'eau;Purify Food and Drink;1;Transmutation;Action ou Rituel;3 m;Instantanée;V,S;;Rituel;Player's Handbook 2024 (BR);Non;Oui;Oui;Oui;Non;Non;Non;Non;https://www.aidedd.org/spell/fr/purification-de-la-nourriture-et-de-l-eau
Quête;Geas;5;Enchantement;1 minute;18 m;30 jours;V;;;Player's Handbook 2024 (BR);Oui;Oui;Oui;Oui;Non;Non;Non;Oui;https://www.aidedd.org/spell/fr/quete
Rappel à la vie;Raise Dead;5;Nécromancie;1 heure;Contact;Instantanée;V,S,M;;;Player's Handbook 2024 (BR);Oui;Oui;Non;Oui;Non;Non;Non;Non;https://www.aidedd.org/spell/fr/rappel-a-la-vie
Rayon affaiblissant;Ray of Enfeeblement;2;Nécromancie;Action;18 m;1 minute;V,S;Concentration;;Player's Handbook 2024 (BR);Non;Non;Non;Non;Non;Non;Oui;Oui;https://www.aidedd.org/spell/fr/rayon-affaiblissant
Rayon ardent;Scorching Ray;2;Évocation;Action;36 m;Instantanée;V,S;;;Player's Handbook 2024 (BR);Non;Non;Non;Non;Non;Oui;Non;Oui;https://www.aidedd.org/spell/fr/rayon-ardent
Rayon de givre;Ray of Frost;0;Évocation;Action;18 m;Instantanée;V,S;;;Player's Handbook 2024 (BR);Non;Non;Non;Non;Non;Oui;Non;Oui;https://www.aidedd.org/spell/fr/rayon-de-givre
Rayon de lune;Moonbeam;2;Évocation;Action;36 m;1 minute;V,S,M;Concentration;;Player's Handbook 2024 (BR);Non;Non;Oui;Non;Non;Non;Non;Non;https://www.aidedd.org/spell/fr/rayon-de-lune
Rayon de soleil;Sunbeam;6;Évocation;Action;Perso;1 minute;V,S,M;Concentration;;Player's Handbook 2024 (BR);Non;Oui;Oui;Non;Non;Oui;Non;Oui;https://www.aidedd.org/spell/fr/rayon-de-soleil
Rayon empoisonné;Ray of Sickness;1;Nécromancie;Action;18 m;Instantanée;V,S;;;Player's Handbook 2024 (BR);Non;Non;Non;Non;Non;Oui;Non;Oui;https://www.aidedd.org/spell/fr/rayon-empoisonne
Rayon traçant;Guiding Bolt;1;Évocation;Action;36 m;1 round;V,S;;;Player's Handbook 2024 (BR);Non;Oui;Non;Non;Non;Non;Non;Non;https://www.aidedd.org/spell/fr/rayon-tracant
Régénération;Regenerate;7;Transmutation;1 minute;Contact;1 heure;V,S,M;;;Player's Handbook 2024 (BR);Oui;Oui;Oui;Non;Non;Non;Non;Non;https://www.aidedd.org/spell/fr/regeneration
Réincarnation;Reincarnate;5;Nécromancie;1 heure;Contact;Instantanée;V,S,M;;;Player's Handbook 2024 (BR);Non;Non;Oui;Non;Non;Non;Non;Non;https://www.aidedd.org/spell/fr/reincarnation
Réparation;Mending;0;Transmutation;1 minute;Contact;Instantanée;V,S,M;;;Player's Handbook 2024 (BR);Oui;Oui;Oui;Non;Non;Oui;Non;Oui;https://www.aidedd.org/spell/fr/reparation
Repli expéditif;Expeditious Retreat;1;Transmutation;Action bonus;Perso;10 minutes;V,S;Concentration;;Player's Handbook 2024 (BR);Non;Non;Non;Non;Non;Oui;Oui;Oui;https://www.aidedd.org/spell/fr/repli-expeditif
Représailles infernales;Hellish Rebuke;1;Évocation;Réaction;18 m;Instantanée;V,S;;;Player's Handbook 2024 (BR);Non;Non;Non;Non;Non;Non;Oui;Non;https://www.aidedd.org/spell/fr/represailles-infernales
Résistance;Resistance;0;Abjuration;Action;Contact;1 minute;V,S;Concentration;;Player's Handbook 2024 (BR);Non;Oui;Oui;Non;Non;Non;Non;Non;https://www.aidedd.org/spell/fr/resistance
Respiration aquatique;Water Breathing;3;Transmutation;Action ou Rituel;9 m;24 heures;V,S,M;;Rituel;Player's Handbook 2024 (BR);Non;Non;Oui;Non;Oui;Oui;Non;Oui;https://www.aidedd.org/spell/fr/respiration-aquatique
Restauration partielle;Lesser Restoration;2;Abjuration;Action bonus;Contact;Instantanée;V,S;;;Player's Handbook 2024 (BR);Oui;Oui;Oui;Oui;Oui;Non;Non;Non;https://www.aidedd.org/spell/fr/restauration-partielle
Restauration suprême;Greater Restoration;5;Abjuration;Action;Contact;Instantanée;V,S,M;;;Player's Handbook 2024 (BR);Oui;Oui;Oui;Oui;Oui;Non;Non;Non;https://www.aidedd.org/spell/fr/restauration-supreme
Résurrection;Resurrection;7;Nécromancie;1 heure;Contact;Instantanée;V,S,M;;;Player's Handbook 2024 (BR);Oui;Oui;Non;Non;Non;Non;Non;Non;https://www.aidedd.org/spell/fr/resurrection
Résurrection suprême;True Resurrection;9;Nécromancie;1 heure;Contact;Instantanée;V,S,M;;;Player's Handbook 2024 (BR);Non;Oui;Oui;Non;Non;Non;Non;Non;https://www.aidedd.org/spell/fr/resurrection-supreme
Retour à la vie;Revivify;3;Nécromancie;Action;Contact;Instantanée;V,S,M;;;Player's Handbook 2024 (BR);Non;Oui;Oui;Oui;Oui;Non;Non;Non;https://www.aidedd.org/spell/fr/retour-a-la-vie
Sanctification;Hallow;5;Abjuration;24 heures;Contact;Dissipation;V,S,M;;;Player's Handbook 2024 (BR);Non;Oui;Non;Non;Non;Non;Non;Non;https://www.aidedd.org/spell/fr/sanctification
Sanctuaire;Sanctuary;1;Abjuration;Action bonus;9 m;1 minute;V,S,M;;;Player's Handbook 2024 (BR);Non;Oui;Non;Non;Non;Non;Non;Non;https://www.aidedd.org/spell/fr/sanctuaire
Sanctuaire privé de Mordenkainen;Mordenkainen's Private Sanctum;4;Abjuration;10 minutes;36 m;24 heures;V,S,M;;;Player's Handbook 2024 (BR);Non;Non;Non;Non;Non;Non;Non;Oui;https://www.aidedd.org/spell/fr/sanctuaire-prive-de-mordenkainen
Saut;Jump;1;Transmutation;Action bonus;Contact;1 minute;V,S,M;;;Player's Handbook 2024 (BR);Non;Non;Oui;Non;Oui;Oui;Non;Oui;https://www.aidedd.org/spell/fr/saut
Scrutation;Scrying;5;Divination;10 minutes;Perso;10 minutes;V,S,M;Concentration;;Player's Handbook 2024 (BR);Oui;Oui;Oui;Non;Non;Non;Oui;Oui;https://www.aidedd.org/spell/fr/scrutation
Serviteur invisible;Unseen Servant;1;Invocation;Action ou Rituel;18 m;1 heure;V,S,M;;Rituel;Player's Handbook 2024 (BR);Oui;Non;Non;Non;Non;Non;Oui;Oui;https://www.aidedd.org/spell/fr/serviteur-invisible
Silence;Silence;2;Illusion;Action ou Rituel;36 m;10 minutes;V,S;Concentration;Rituel;Player's Handbook 2024 (BR);Oui;Oui;Non;Non;Oui;Non;Non;Non;https://www.aidedd.org/spell/fr/silence
Simulacre;Simulacrum;7;Illusion;12 heures;Contact;Dissipation;V,S,M;;;Player's Handbook 2024 (BR);Non;Non;Non;Non;Non;Non;Non;Oui;https://www.aidedd.org/spell/fr/simulacre
Simulacre de vie;False Life;1;Nécromancie;Action;Perso;Instantanée;V,S,M;;;Player's Handbook 2024 (BR);Non;Non;Non;Non;Non;Oui;Non;Oui;https://www.aidedd.org/spell/fr/simulacre-de-vie
Soins;Cure Wounds;1;Abjuration;Action;Contact;Instantanée;V,S;;;Player's Handbook 2024 (BR);Oui;Oui;Oui;Oui;Oui;Non;Non;Non;https://www.aidedd.org/spell/fr/soins
Soins de groupe;Mass Cure Wounds;5;Abjuration;Action;18 m;Instantanée;V,S;;;Player's Handbook 2024 (BR);Oui;Oui;Oui;Non;Non;Non;Non;Non;https://www.aidedd.org/spell/fr/soins-de-groupe
Sommeil;Sleep;1;Enchantement;Action;18 m;1 minute;V,S,M;Concentration;;Player's Handbook 2024 (BR);Oui;Non;Non;Non;Non;Oui;Non;Oui;https://www.aidedd.org/spell/fr/sommeil
Songe;Dream;5;Illusion;1 minute;Spéciale;8 heures;V,S,M;;;Player's Handbook 2024 (BR);Oui;Non;Non;Non;Non;Non;Oui;Oui;https://www.aidedd.org/spell/fr/songe
Souffle du dragon;Dragon's Breath;2;Transmutation;Action bonus;Contact;1 minute;V,S,M;Concentration;;Player's Handbook 2024 (BR);Non;Non;Non;Non;Non;Oui;Non;Oui;https://www.aidedd.org/spell/fr/souffle-du-dragon
Souhait;Wish;9;Invocation;Action;Perso;Instantanée;V;;;Player's Handbook 2024 (BR);Non;Non;Non;Non;Non;Oui;Non;Oui;https://www.aidedd.org/spell/fr/souhait
Sphère de feu;Flaming Sphere;2;Invocation;Action;18 m;1 minute;V,S,M;Concentration;;Player's Handbook 2024 (BR);Non;Non;Oui;Non;Non;Oui;Non;Oui;https://www.aidedd.org/spell/fr/sphere-de-feu
Sphère de vitriol;Vitriolic Sphere;4;Évocation;Action;45 m;Instantanée;V,S,M;;;Player's Handbook 2024 (BR);Non;Non;Non;Non;Non;Oui;Non;Oui;https://www.aidedd.org/spell/fr/sphere-de-vitriol
Sphère glacée d'Otiluke;Otiluke's Freezing Sphere;6;Évocation;Action;45 m;Instantanée;V,S,M;;;Player's Handbook 2024 (BR);Non;Non;Non;Non;Non;Oui;Non;Oui;https://www.aidedd.org/spell/fr/sphere-glacee-d-otiluke
Sphère résiliente d'Otiluke;Otiluke's Resilient Sphere;4;Évocation;Action;9 m;1 minute;V,S,M;Concentration;;Player's Handbook 2024 (BR);Non;Non;Non;Non;Non;Non;Non;Oui;https://www.aidedd.org/spell/fr/sphere-resiliente-d-otiluke
Stabilisation;Spare the Dying;0;Nécromancie;Action;4,50 m;Instantanée;V,S;;;Player's Handbook 2024 (BR);Non;Oui;Oui;Non;Non;Non;Non;Non;https://www.aidedd.org/spell/fr/stabilisation
Suggestion;Suggestion;2;Enchantement;Action;9 m;8 heures;V,M;Concentration;;Player's Handbook 2024 (BR);Oui;Non;Non;Non;Non;Oui;Oui;Oui;https://www.aidedd.org/spell/fr/suggestion
Suggestion de groupe;Mass Suggestion;6;Enchantement;Action;18 m;24 heures;V,M;;;Player's Handbook 2024 (BR);Oui;Non;Non;Non;Non;Oui;Non;Oui;https://www.aidedd.org/spell/fr/suggestion-de-groupe
Symbole;Symbol;7;Abjuration;1 minute;Contact;Dissipation/Déclenchement;V,S,M;;;Player's Handbook 2024 (BR);Oui;Oui;Oui;Non;Non;Non;Non;Oui;https://www.aidedd.org/spell/fr/symbole
Télékinésie;Telekinesis;5;Transmutation;Action;18 m;10 minutes;V,S;Concentration;;Player's Handbook 2024 (BR);Non;Non;Non;Non;Non;Oui;Non;Oui;https://www.aidedd.org/spell/fr/telekinesie
Télépathie;Telepathy;8;Divination;Action;Illimitée;24 heures;V,S,M;;;Player's Handbook 2024;Non;Non;Non;Non;Non;Non;Non;Oui;https://www.aidedd.org/spell/fr/telepathie
Téléportation;Teleport;7;Invocation;Action;3 m;Instantanée;V;;;Player's Handbook 2024 (BR);Oui;Non;Non;Non;Non;Oui;Non;Oui;https://www.aidedd.org/spell/fr/teleportation
Tempête de feu;Fire Storm;7;Évocation;Action;45 m;Instantanée;V,S;;;Player's Handbook 2024 (BR);Non;Oui;Oui;Non;Non;Oui;Non;Non;https://www.aidedd.org/spell/fr/tempete-de-feu
Tempête de grêle;Ice Storm;4;Évocation;Action;90 m;Instantanée;V,S,M;;;Player's Handbook 2024 (BR);Non;Non;Oui;Non;Non;Oui;Non;Oui;https://www.aidedd.org/spell/fr/tempete-de-grele
Tempête de neige;Sleet Storm;3;Invocation;Action;45 m;1 minute;V,S,M;Concentration;;Player's Handbook 2024 (BR);Non;Non;Oui;Non;Non;Oui;Non;Oui;https://www.aidedd.org/spell/fr/tempete-de-neige
Tempête radieuse de Jallarzi;Jallarzi's Storm of Radiance;5;Évocation;Action;36 m;1 minute;V,S,M;Concentration;;Player's Handbook 2024;Non;Non;Non;Non;Non;Non;Oui;Oui;https://www.aidedd.org/spell/fr/tempete-radieuse-de-jallarzi
Tempête vengeresse;Storm of Vengeance;9;Invocation;Action;1,5 km;1 minute;V,S;Concentration;;Player's Handbook 2024 (BR);Non;Non;Oui;Non;Non;Non;Non;Non;https://www.aidedd.org/spell/fr/tempete-vengeresse
Ténèbres;Darkness;2;Évocation;Action;18 m;10 minutes;V,M;Concentration;;Player's Handbook 2024 (BR);Non;Non;Non;Non;Non;Oui;Oui;Oui;https://www.aidedd.org/spell/fr/tenebres
Tentacules de Hadar;Arms of Hadar;1;Invocation;Action;Perso;Instantanée;V,S;;;Player's Handbook 2024;Non;Non;Non;Non;Non;Non;Oui;Non;https://www.aidedd.org/spell/fr/tentacules-de-hadar
Tentacules noirs d'Evard;Evard's Black Tentacles;4;Invocation;Action;27 m;1 minute;V,S,M;Concentration;;Player's Handbook 2024 (BR);Non;Non;Non;Non;Non;Non;Non;Oui;https://www.aidedd.org/spell/fr/tentacules-noirs-d-evard
Terrain hallucinatoire;Hallucinatory Terrain;4;Illusion;10 minutes;90 m;24 heures;V,S,M;;;Player's Handbook 2024 (BR);Oui;Non;Oui;Non;Non;Non;Oui;Oui;https://www.aidedd.org/spell/fr/terrain-hallucinatoire
Texte illusoire;Illusory Script;1;Illusion;1 minute ou Rituel;Contact;10 jours;S,M;;Rituel;Player's Handbook 2024 (BR);Oui;Non;Non;Non;Non;Non;Oui;Oui;https://www.aidedd.org/spell/fr/texte-illusoire
Thaumaturgie;Thaumaturgy;0;Transmutation;Action;9 m;Jusqu'à 1 minute;V;;;Player's Handbook 2024 (BR);Non;Oui;Non;Non;Non;Non;Non;Non;https://www.aidedd.org/spell/fr/thaumaturgie
Toile d'araignée;Web;2;Invocation;Action;18 m;1 heure;V,S,M;Concentration;;Player's Handbook 2024 (BR);Non;Non;Non;Non;Non;Oui;Non;Oui;https://www.aidedd.org/spell/fr/toile-d-araignee
Trait de feu;Fire Bolt;0;Évocation;Action;36 m;Instantanée;V,S;;;Player's Handbook 2024 (BR);Non;Non;Non;Non;Non;Oui;Non;Oui;https://www.aidedd.org/spell/fr/trait-de-feu
Trait ensorcelé;Witch Bolt;1;Évocation;Action;18 m;1 minute;V,S,M;Concentration;;Player's Handbook 2024;Non;Non;Non;Non;Non;Oui;Oui;Oui;https://www.aidedd.org/spell/fr/trait-ensorcele
Tremblement de terre;Earthquake;8;Transmutation;Action;150 m;1 minute;V,S,M;Concentration;;Player's Handbook 2024 (BR);Non;Oui;Oui;Non;Non;Oui;Non;Non;https://www.aidedd.org/spell/fr/tremblement-de-terre
Tsunami;Tsunami;8;Invocation;1 minute;1,5 km;6 rounds;V,S;Concentration;;Player's Handbook 2024 (BR);Non;Non;Oui;Non;Non;Non;Non;Non;https://www.aidedd.org/spell/fr/tsunami
Urne magique|Possession;Magic Jar;6;Nécromancie;1 minute;Perso;Dissipation;V,S,M;;;Player's Handbook 2024 (BR);Non;Non;Non;Non;Non;Non;Non;Oui;https://www.aidedd.org/spell/fr/urne-magique-possession
Vague destructrice;Destructive Wave;5;Évocation;Action;Perso;Instantanée;V;;;Player's Handbook 2024;Non;Non;Non;Oui;Non;Non;Non;Non;https://www.aidedd.org/spell/fr/vague-destructrice
Vague tonnante;Thunderwave;1;Évocation;Action;Perso;Instantanée;V,S;;;Player's Handbook 2024 (BR);Oui;Non;Oui;Non;Non;Oui;Non;Oui;https://www.aidedd.org/spell/fr/vague-tonnante
Vent divin;Wind Walk;6;Transmutation;1 minute;9 m;8 heures;V,S,M;;;Player's Handbook 2024 (BR);Non;Non;Oui;Non;Non;Non;Non;Non;https://www.aidedd.org/spell/fr/vent-divin
Verrou arcanique|Verrou magique;Arcane Lock;2;Abjuration;Action;Contact;Dissipation;V,S,M;;;Player's Handbook 2024 (BR);Non;Non;Non;Non;Non;Non;Non;Oui;https://www.aidedd.org/spell/fr/verrou-arcanique-verrou-magique
Vif carquois;Swift Quiver;5;Transmutation;Action bonus;Perso;1 minute;V,S,M;Concentration;;Player's Handbook 2024;Non;Non;Non;Non;Oui;Non;Non;Non;https://www.aidedd.org/spell/fr/vif-carquois
Vigueur arcanique;Arcane Vigor;2;Abjuration;Action bonus;Perso;Instantanée;V,S;;;Player's Handbook 2024;Non;Non;Non;Non;Non;Oui;Non;Oui;https://www.aidedd.org/spell/fr/vigueur-arcanique
Vision dans le noir;Darkvision;2;Transmutation;Action;Contact;8 heures;V,S,M;;;Player's Handbook 2024 (BR);Non;Non;Oui;Non;Oui;Oui;Non;Oui;https://www.aidedd.org/spell/fr/vision-dans-le-noir
Vision suprême;True Seeing;6;Divination;Action;Contact;1 heure;V,S,M;;;Player's Handbook 2024 (BR);Oui;Oui;Non;Non;Non;Oui;Oui;Oui;https://www.aidedd.org/spell/fr/vision-supreme
Voie végétale;Transport via Plants;6;Invocation;Action;3 m;1 minute;V,S;;;Player's Handbook 2024 (BR);Non;Non;Oui;Non;Non;Non;Non;Non;https://www.aidedd.org/spell/fr/voie-vegetale
Voile défensif;Blade Ward;0;Abjuration;Action;Perso;1 minute;V,S;Concentration;;Player's Handbook 2024;Oui;Non;Non;Non;Non;Oui;Oui;Oui;https://www.aidedd.org/spell/fr/voile-defensif
Vol;Fly;3;Transmutation;Action;Contact;10 minutes;V,S,M;Concentration;;Player's Handbook 2024 (BR);Non;Non;Non;Non;Non;Oui;Oui;Oui;https://www.aidedd.org/spell/fr/vol
Voracité de Hadar;Hunger of Hadar;3;Invocation;Action;45 m;1 minute;V,S,M;Concentration;;Player's Handbook 2024;Non;Non;Non;Non;Non;Non;Oui;Non;https://www.aidedd.org/spell/fr/voracite-de-hadar
Zone de vérité;Zone of Truth;2;Enchantement;Action;18 m;10 minutes;V,S;;;Player's Handbook 2024 (BR);Oui;Oui;Non;Oui;Non;Non;Non;Non;https://www.aidedd.org/spell/fr/zone-de-verite
